date,stage_code,event_code,event_name,event_stage,stage,stage_status,gender,discipline_name,discipline_code,venue,participant_code,participant_name,participant_type,participant_country_code,participant_country,rank,result,result_type,result_IRM,start_order
2024-08-01T19:30:00+02:00,GLFMSTROKE------------FNL-000100--,GLFMSTROKE,Men's Individual Stroke Play,Men's Individual Stroke Play Round 1,Round 1,FINISHED,M,Golf,GLF,Le Golf National,1961406,MATSUYAMA Hideki,Person,JPN,Japan,1.0,63,STROKES,,14
2024-08-01T19:30:00+02:00,GLFMSTROKE------------FNL-000100--,GLFMSTROKE,Men's Individual Stroke Play,Men's Individual Stroke Play Round 1,Round 1,FINISHED,M,Golf,GLF,Le Golf National,1951723,SCHAUFFELE Xander,Person,USA,United States,2.0,65,STROKES,,46
2024-08-01T19:30:00+02:00,GLFMSTROKE------------FNL-000100--,GLFMSTROKE,Men's Individual Stroke Play,Men's Individual Stroke Play Round 1,Round 1,FINISHED,M,Golf,GLF,Le Golf National,1935109,NIEMANN Joaquin,Person,CHI,Chile,3.0,66,STROKES,,6
2024-08-01T19:30:00+02:00,GLFMSTROKE------------FNL-000100--,GLFMSTROKE,Men's Individual Stroke Play,Men's Individual Stroke Play Round 1,Round 1,FINISHED,M,Golf,GLF,Le Golf National,1937366,GRILLO Emiliano,Person,ARG,Argentina,3.0,66,STROKES,,7
2024-08-01T19:30:00+02:00,GLFMSTROKE------------FNL-000100--,GLFMSTROKE,Men's Individual Stroke Play,Men's Individual Stroke Play Round 1,Round 1,FINISHED,M,Golf,GLF,Le Golf National,1572181,KIM Tom,Person,KOR,Korea,3.0,66,STROKES,,18
2024-08-01T19:30:00+02:00,GLFMSTROKE------------FNL-000100--,GLFMSTROKE,Men's Individual Stroke Play,Men's Individual Stroke Play Round 1,Round 1,FINISHED,M,Golf,GLF,Le Golf National,1880177,NOREN Alex,Person,SWE,Sweden,6.0,67,STROKES,,8
2024-08-01T19:30:00+02:00,GLFMSTROKE------------FNL-000100--,GLFMSTROKE,Men's Individual Stroke Play,Men's Individual Stroke Play Round 1,Round 1,FINISHED,M,Golf,GLF,Le Golf National,1939554,FOX Ryan,Person,NZL,New Zealand,6.0,67,STROKES,,9
2024-08-01T19:30:00+02:00,GLFMSTROKE------------FNL-000100--,GLFMSTROKE,Men's Individual Stroke Play,Men's Individual Stroke Play Round 1,Round 1,FINISHED,M,Golf,GLF,Le Golf National,1923629,FLEETWOOD Tommy,Person,GBR,Great Britain,6.0,67,STROKES,,15
2024-08-01T19:30:00+02:00,GLFMSTROKE------------FNL-000100--,GLFMSTROKE,Men's Individual Stroke Play,Men's Individual Stroke Play Round 1,Round 1,FINISHED,M,Golf,GLF,Le Golf National,1572603,STRAKA Sepp,Person,AUT,Austria,6.0,67,STROKES,,16
2024-08-01T19:30:00+02:00,GLFMSTROKE------------FNL-000100--,GLFMSTROKE,Men's Individual Stroke Play,Men's Individual Stroke Play Round 1,Round 1,FINISHED,M,Golf,GLF,Le Golf National,1951724,SCHEFFLER Scottie,Person,USA,United States,6.0,67,STROKES,,19
2024-08-01T19:30:00+02:00,GLFMSTROKE------------FNL-000100--,GLFMSTROKE,Men's Individual Stroke Play,Men's Individual Stroke Play Round 1,Round 1,FINISHED,M,Golf,GLF,Le Golf National,1905109,VALIMAKI Sami,Person,FIN,Finland,6.0,67,STROKES,,35
2024-08-01T19:30:00+02:00,GLFMSTROKE------------FNL-000100--,GLFMSTROKE,Men's Individual Stroke Play,Men's Individual Stroke Play Round 1,Round 1,FINISHED,M,Golf,GLF,Le Golf National,1897777,van ROOYEN Erik,Person,RSA,South Africa,6.0,67,STROKES,,37
2024-08-01T19:30:00+02:00,GLFMSTROKE------------FNL-000100--,GLFMSTROKE,Men's Individual Stroke Play,Men's Individual Stroke Play Round 1,Round 1,FINISHED,M,Golf,GLF,Le Golf National,1898582,RAHM Jon,Person,ESP,Spain,6.0,67,STROKES,,48
2024-08-01T19:30:00+02:00,GLFMSTROKE------------FNL-000100--,GLFMSTROKE,Men's Individual Stroke Play,Men's Individual Stroke Play Round 1,Round 1,FINISHED,M,Golf,GLF,Le Golf National,1892513,SCHMID Matthias,Person,GER,Germany,14.0,68,STROKES,,2
2024-08-01T19:30:00+02:00,GLFMSTROKE------------FNL-000100--,GLFMSTROKE,Men's Individual Stroke Play,Men's Individual Stroke Play Round 1,Round 1,FINISHED,M,Golf,GLF,Le Golf National,1540039,TOSTI Alejandro,Person,ARG,Argentina,14.0,68,STROKES,,5
2024-08-01T19:30:00+02:00,GLFMSTROKE------------FNL-000100--,GLFMSTROKE,Men's Individual Stroke Play,Men's Individual Stroke Play Round 1,Round 1,FINISHED,M,Golf,GLF,Le Golf National,1966402,CONNERS Corey,Person,CAN,Canada,14.0,68,STROKES,,11
2024-08-01T19:30:00+02:00,GLFMSTROKE------------FNL-000100--,GLFMSTROKE,Men's Individual Stroke Play,Men's Individual Stroke Play Round 1,Round 1,FINISHED,M,Golf,GLF,Le Golf National,1910508,McILROY Rory,Person,IRL,Ireland,14.0,68,STROKES,,20
2024-08-01T19:30:00+02:00,GLFMSTROKE------------FNL-000100--,GLFMSTROKE,Men's Individual Stroke Play,Men's Individual Stroke Play Round 1,Round 1,FINISHED,M,Golf,GLF,Le Golf National,1880175,ABERG Ludvig,Person,SWE,Sweden,14.0,68,STROKES,,21
2024-08-01T19:30:00+02:00,GLFMSTROKE------------FNL-000100--,GLFMSTROKE,Men's Individual Stroke Play,Men's Individual Stroke Play Round 1,Round 1,FINISHED,M,Golf,GLF,Le Golf National,1903740,MIGLIOZZI Guido,Person,ITA,Italy,14.0,68,STROKES,,24
2024-08-01T19:30:00+02:00,GLFMSTROKE------------FNL-000100--,GLFMSTROKE,Men's Individual Stroke Play,Men's Individual Stroke Play Round 1,Round 1,FINISHED,M,Golf,GLF,Le Golf National,1557703,ORTIZ Carlos,Person,MEX,Mexico,14.0,68,STROKES,,54
2024-08-01T19:30:00+02:00,GLFMSTROKE------------FNL-000100--,GLFMSTROKE,Men's Individual Stroke Play,Men's Individual Stroke Play Round 1,Round 1,FINISHED,M,Golf,GLF,Le Golf National,1909042,PAN C.T.,Person,TPE,Chinese Taipei,21.0,69,STROKES,,3
2024-08-01T19:30:00+02:00,GLFMSTROKE------------FNL-000100--,GLFMSTROKE,Men's Individual Stroke Play,Men's Individual Stroke Play Round 1,Round 1,FINISHED,M,Golf,GLF,Le Golf National,1941773,DAY Jason,Person,AUS,Australia,21.0,69,STROKES,,17
2024-08-01T19:30:00+02:00,GLFMSTROKE------------FNL-000100--,GLFMSTROKE,Men's Individual Stroke Play,Men's Individual Stroke Play Round 1,Round 1,FINISHED,M,Golf,GLF,Le Golf National,1913209,DOU Zecheng,Person,CHN,China,21.0,69,STROKES,,30
2024-08-01T19:30:00+02:00,GLFMSTROKE------------FNL-000100--,GLFMSTROKE,Men's Individual Stroke Play,Men's Individual Stroke Play Round 1,Round 1,FINISHED,M,Golf,GLF,Le Golf National,1903732,MANASSERO Matteo,Person,ITA,Italy,21.0,69,STROKES,,33
2024-08-01T19:30:00+02:00,GLFMSTROKE------------FNL-000100--,GLFMSTROKE,Men's Individual Stroke Play,Men's Individual Stroke Play Round 1,Round 1,FINISHED,M,Golf,GLF,Le Golf National,1898581,PUIG David,Person,ESP,Spain,21.0,69,STROKES,,36
2024-08-01T19:30:00+02:00,GLFMSTROKE------------FNL-000100--,GLFMSTROKE,Men's Individual Stroke Play,Men's Individual Stroke Play Round 1,Round 1,FINISHED,M,Golf,GLF,Le Golf National,1935118,PEREIRA Mito,Person,CHI,Chile,21.0,69,STROKES,,56
2024-08-01T19:30:00+02:00,GLFMSTROKE------------FNL-000100--,GLFMSTROKE,Men's Individual Stroke Play,Men's Individual Stroke Play Round 1,Round 1,FINISHED,M,Golf,GLF,Le Golf National,1976538,GIRRBACH Joel,Person,SUI,Switzerland,21.0,69,STROKES,,59
2024-08-01T19:30:00+02:00,GLFMSTROKE------------FNL-000100--,GLFMSTROKE,Men's Individual Stroke Play,Men's Individual Stroke Play Round 1,Round 1,FINISHED,M,Golf,GLF,Le Golf National,1905105,PULKKANEN Tapio,Person,FIN,Finland,21.0,69,STROKES,,60
2024-08-01T19:30:00+02:00,GLFMSTROKE------------FNL-000100--,GLFMSTROKE,Men's Individual Stroke Play,Men's Individual Stroke Play Round 1,Round 1,FINISHED,M,Golf,GLF,Le Golf National,1912058,PEREZ Victor,Person,FRA,France,29.0,70,STROKES,,1
2024-08-01T19:30:00+02:00,GLFMSTROKE------------FNL-000100--,GLFMSTROKE,Men's Individual Stroke Play,Men's Individual Stroke Play Round 1,Round 1,FINISHED,M,Golf,GLF,Le Golf National,1897778,BEZUIDENHOUT Christiaan,Person,RSA,South Africa,29.0,70,STROKES,,12
2024-08-01T19:30:00+02:00,GLFMSTROKE------------FNL-000100--,GLFMSTROKE,Men's Individual Stroke Play,Men's Individual Stroke Play Round 1,Round 1,FINISHED,M,Golf,GLF,Le Golf National,1903186,DUMONT de CHASSART Adrien,Person,BEL,Belgium,29.0,70,STROKES,,22
2024-08-01T19:30:00+02:00,GLFMSTROKE------------FNL-000100--,GLFMSTROKE,Men's Individual Stroke Play,Men's Individual Stroke Play Round 1,Round 1,FINISHED,M,Golf,GLF,Le Golf National,1945630,KHONGWATMAI Phachara,Person,THA,Thailand,29.0,70,STROKES,,28
2024-08-01T19:30:00+02:00,GLFMSTROKE------------FNL-000100--,GLFMSTROKE,Men's Individual Stroke Play,Men's Individual Stroke Play Round 1,Round 1,FINISHED,M,Golf,GLF,Le Golf National,1536341,ANCER Abraham,Person,MEX,Mexico,29.0,70,STROKES,,29
2024-08-01T19:30:00+02:00,GLFMSTROKE------------FNL-000100--,GLFMSTROKE,Men's Individual Stroke Play,Men's Individual Stroke Play Round 1,Round 1,FINISHED,M,Golf,GLF,Le Golf National,1913217,YUAN Yechun,Person,CHN,China,29.0,70,STROKES,,31
2024-08-01T19:30:00+02:00,GLFMSTROKE------------FNL-000100--,GLFMSTROKE,Men's Individual Stroke Play,Men's Individual Stroke Play Round 1,Round 1,FINISHED,M,Golf,GLF,Le Golf National,1961431,NAKAJIMA Keita,Person,JPN,Japan,29.0,70,STROKES,,38
2024-08-01T19:30:00+02:00,GLFMSTROKE------------FNL-000100--,GLFMSTROKE,Men's Individual Stroke Play,Men's Individual Stroke Play Round 1,Round 1,FINISHED,M,Golf,GLF,Le Golf National,1889028,HOJGAARD Nicolai,Person,DEN,Denmark,29.0,70,STROKES,,41
2024-08-01T19:30:00+02:00,GLFMSTROKE------------FNL-000100--,GLFMSTROKE,Men's Individual Stroke Play,Men's Individual Stroke Play Round 1,Round 1,FINISHED,M,Golf,GLF,Le Golf National,1966414,TAYLOR Nick,Person,CAN,Canada,29.0,70,STROKES,,45
2024-08-01T19:30:00+02:00,GLFMSTROKE------------FNL-000100--,GLFMSTROKE,Men's Individual Stroke Play,Men's Individual Stroke Play Round 1,Round 1,FINISHED,M,Golf,GLF,Le Golf National,1878428,HOVLAND Viktor,Person,NOR,Norway,29.0,70,STROKES,,47
2024-08-01T19:30:00+02:00,GLFMSTROKE------------FNL-000100--,GLFMSTROKE,Men's Individual Stroke Play,Men's Individual Stroke Play Round 1,Round 1,FINISHED,M,Golf,GLF,Le Golf National,1951721,MORIKAWA Collin,Person,USA,United States,29.0,70,STROKES,,50
2024-08-01T19:30:00+02:00,GLFMSTROKE------------FNL-000100--,GLFMSTROKE,Men's Individual Stroke Play,Men's Individual Stroke Play Round 1,Round 1,FINISHED,M,Golf,GLF,Le Golf National,1536368,SHARMA Shubhankar,Person,IND,India,29.0,70,STROKES,,52
2024-08-01T19:30:00+02:00,GLFMSTROKE------------FNL-000100--,GLFMSTROKE,Men's Individual Stroke Play,Men's Individual Stroke Play Round 1,Round 1,FINISHED,M,Golf,GLF,Le Golf National,1546614,ZANOTTI Fabrizio,Person,PAR,Paraguay,29.0,70,STROKES,,58
2024-08-01T19:30:00+02:00,GLFMSTROKE------------FNL-000100--,GLFMSTROKE,Men's Individual Stroke Play,Men's Individual Stroke Play Round 1,Round 1,FINISHED,M,Golf,GLF,Le Golf National,1889030,OLESEN Thorbjorn,Person,DEN,Denmark,42.0,71,STROKES,,4
2024-08-01T19:30:00+02:00,GLFMSTROKE------------FNL-000100--,GLFMSTROKE,Men's Individual Stroke Play,Men's Individual Stroke Play Round 1,Round 1,FINISHED,M,Golf,GLF,Le Golf National,1892516,JAEGER Stephan,Person,GER,Germany,42.0,71,STROKES,,40
2024-08-01T19:30:00+02:00,GLFMSTROKE------------FNL-000100--,GLFMSTROKE,Men's Individual Stroke Play,Men's Individual Stroke Play Round 1,Round 1,FINISHED,M,Golf,GLF,Le Golf National,1903185,DETRY Thomas,Person,BEL,Belgium,42.0,71,STROKES,,42
2024-08-01T19:30:00+02:00,GLFMSTROKE------------FNL-000100--,GLFMSTROKE,Men's Individual Stroke Play,Men's Individual Stroke Play Round 1,Round 1,FINISHED,M,Golf,GLF,Le Golf National,1899121,LOWRY Shane,Person,IRL,Ireland,42.0,71,STROKES,,44
2024-08-01T19:30:00+02:00,GLFMSTROKE------------FNL-000100--,GLFMSTROKE,Men's Individual Stroke Play,Men's Individual Stroke Play Round 1,Round 1,FINISHED,M,Golf,GLF,Le Golf National,1912059,PAVON Matthieu,Person,FRA,France,42.0,71,STROKES,,49
2024-08-01T19:30:00+02:00,GLFMSTROKE------------FNL-000100--,GLFMSTROKE,Men's Individual Stroke Play,Men's Individual Stroke Play Round 1,Round 1,FINISHED,M,Golf,GLF,Le Golf National,1889174,VENTURA Kristoffer,Person,NOR,Norway,42.0,71,STROKES,,57
2024-08-01T19:30:00+02:00,GLFMSTROKE------------FNL-000100--,GLFMSTROKE,Men's Individual Stroke Play,Men's Individual Stroke Play Round 1,Round 1,FINISHED,M,Golf,GLF,Le Golf National,1572177,AN Byeong Hun,Person,KOR,Korea,48.0,72,STROKES,,43
2024-08-01T19:30:00+02:00,GLFMSTROKE------------FNL-000100--,GLFMSTROKE,Men's Individual Stroke Play,Men's Individual Stroke Play Round 1,Round 1,FINISHED,M,Golf,GLF,Le Golf National,1937888,MERONK Adrian,Person,POL,Poland,49.0,73,STROKES,,34
2024-08-01T19:30:00+02:00,GLFMSTROKE------------FNL-000100--,GLFMSTROKE,Men's Individual Stroke Play,Men's Individual Stroke Play Round 1,Round 1,FINISHED,M,Golf,GLF,Le Golf National,1909144,YU Kevin,Person,TPE,Chinese Taipei,49.0,73,STROKES,,39
2024-08-01T19:30:00+02:00,GLFMSTROKE------------FNL-000100--,GLFMSTROKE,Men's Individual Stroke Play,Men's Individual Stroke Play Round 1,Round 1,FINISHED,M,Golf,GLF,Le Golf National,1898169,FITZPATRICK Matt,Person,GBR,Great Britain,49.0,73,STROKES,,51
2024-08-01T19:30:00+02:00,GLFMSTROKE------------FNL-000100--,GLFMSTROKE,Men's Individual Stroke Play,Men's Individual Stroke Play Round 1,Round 1,FINISHED,M,Golf,GLF,Le Golf National,1550000,CAMPOS Rafa,Person,PUR,Puerto Rico,49.0,73,STROKES,,53
2024-08-01T19:30:00+02:00,GLFMSTROKE------------FNL-000100--,GLFMSTROKE,Men's Individual Stroke Play,Men's Individual Stroke Play Round 1,Round 1,FINISHED,M,Golf,GLF,Le Golf National,2500123,APHIBARNRAT Kiradech,Person,THA,Thailand,53.0,74,STROKES,,25
2024-08-01T19:30:00+02:00,GLFMSTROKE------------FNL-000100--,GLFMSTROKE,Men's Individual Stroke Play,Men's Individual Stroke Play Round 1,Round 1,FINISHED,M,Golf,GLF,Le Golf National,1556796,GREEN Gavin,Person,MAS,Malaysia,53.0,74,STROKES,,26
2024-08-01T19:30:00+02:00,GLFMSTROKE------------FNL-000100--,GLFMSTROKE,Men's Individual Stroke Play,Men's Individual Stroke Play Round 1,Round 1,FINISHED,M,Golf,GLF,Le Golf National,1938134,ECHAVARRIA Nico,Person,COL,Colombia,53.0,74,STROKES,,55
2024-08-01T19:30:00+02:00,GLFMSTROKE------------FNL-000100--,GLFMSTROKE,Men's Individual Stroke Play,Men's Individual Stroke Play Round 1,Round 1,FINISHED,M,Golf,GLF,Le Golf National,1951700,CLARK Wyndham,Person,USA,United States,56.0,75,STROKES,,13
2024-08-01T19:30:00+02:00,GLFMSTROKE------------FNL-000100--,GLFMSTROKE,Men's Individual Stroke Play,Men's Individual Stroke Play Round 1,Round 1,FINISHED,M,Golf,GLF,Le Golf National,1939559,HILLIER Daniel,Person,NZL,New Zealand,56.0,75,STROKES,,23
2024-08-01T19:30:00+02:00,GLFMSTROKE------------FNL-000100--,GLFMSTROKE,Men's Individual Stroke Play,Men's Individual Stroke Play Round 1,Round 1,FINISHED,M,Golf,GLF,Le Golf National,1536371,BHULLAR Gaganjeet,Person,IND,India,56.0,75,STROKES,,27
2024-08-01T19:30:00+02:00,GLFMSTROKE------------FNL-000100--,GLFMSTROKE,Men's Individual Stroke Play,Men's Individual Stroke Play Round 1,Round 1,FINISHED,M,Golf,GLF,Le Golf National,1941775,LEE Min Woo,Person,AUS,Australia,59.0,76,STROKES,,10
2024-08-01T19:30:00+02:00,GLFMSTROKE------------FNL-000100--,GLFMSTROKE,Men's Individual Stroke Play,Men's Individual Stroke Play Round 1,Round 1,FINISHED,M,Golf,GLF,Le Golf National,1938070,VILLEGAS Camilo,Person,COL,Colombia,59.0,76,STROKES,,32
2024-08-02T17:54:13+02:00,GLFMSTROKE------------FNL-000200--,GLFMSTROKE,Men's Individual Stroke Play,Men's Individual Stroke Play Round 2,Round 2,FINISHED,M,Golf,GLF,Le Golf National,1903185,DETRY Thomas,Person,BEL,Belgium,1.0,63,STROKES,,12
2024-08-02T17:54:13+02:00,GLFMSTROKE------------FNL-000200--,GLFMSTROKE,Men's Individual Stroke Play,Men's Individual Stroke Play Round 2,Round 2,FINISHED,M,Golf,GLF,Le Golf National,1892516,JAEGER Stephan,Person,GER,Germany,2.0,64,STROKES,,10
2024-08-02T17:54:13+02:00,GLFMSTROKE------------FNL-000200--,GLFMSTROKE,Men's Individual Stroke Play,Men's Individual Stroke Play Round 2,Round 2,FINISHED,M,Golf,GLF,Le Golf National,1898169,FITZPATRICK Matt,Person,GBR,Great Britain,2.0,64,STROKES,,21
2024-08-02T17:54:13+02:00,GLFMSTROKE------------FNL-000200--,GLFMSTROKE,Men's Individual Stroke Play,Men's Individual Stroke Play Round 2,Round 2,FINISHED,M,Golf,GLF,Le Golf National,1923629,FLEETWOOD Tommy,Person,GBR,Great Britain,2.0,64,STROKES,,45
2024-08-02T17:54:13+02:00,GLFMSTROKE------------FNL-000200--,GLFMSTROKE,Men's Individual Stroke Play,Men's Individual Stroke Play Round 2,Round 2,FINISHED,M,Golf,GLF,Le Golf National,1909042,PAN C.T.,Person,TPE,Chinese Taipei,5.0,65,STROKES,,33
2024-08-02T17:54:13+02:00,GLFMSTROKE------------FNL-000200--,GLFMSTROKE,Men's Individual Stroke Play,Men's Individual Stroke Play Round 2,Round 2,FINISHED,M,Golf,GLF,Le Golf National,1941775,LEE Min Woo,Person,AUS,Australia,5.0,65,STROKES,,40
2024-08-02T17:54:13+02:00,GLFMSTROKE------------FNL-000200--,GLFMSTROKE,Men's Individual Stroke Play,Men's Individual Stroke Play Round 2,Round 2,FINISHED,M,Golf,GLF,Le Golf National,1951723,SCHAUFFELE Xander,Person,USA,United States,7.0,66,STROKES,,16
2024-08-02T17:54:13+02:00,GLFMSTROKE------------FNL-000200--,GLFMSTROKE,Men's Individual Stroke Play,Men's Individual Stroke Play Round 2,Round 2,FINISHED,M,Golf,GLF,Le Golf National,1898582,RAHM Jon,Person,ESP,Spain,7.0,66,STROKES,,18
2024-08-02T17:54:13+02:00,GLFMSTROKE------------FNL-000200--,GLFMSTROKE,Men's Individual Stroke Play,Men's Individual Stroke Play Round 2,Round 2,FINISHED,M,Golf,GLF,Le Golf National,1912058,PEREZ Victor,Person,FRA,France,9.0,67,STROKES,,31
2024-08-02T17:54:13+02:00,GLFMSTROKE------------FNL-000200--,GLFMSTROKE,Men's Individual Stroke Play,Men's Individual Stroke Play Round 2,Round 2,FINISHED,M,Golf,GLF,Le Golf National,1903740,MIGLIOZZI Guido,Person,ITA,Italy,9.0,67,STROKES,,54
2024-08-02T17:54:13+02:00,GLFMSTROKE------------FNL-000200--,GLFMSTROKE,Men's Individual Stroke Play,Men's Individual Stroke Play Round 2,Round 2,FINISHED,M,Golf,GLF,Le Golf National,1572177,AN Byeong Hun,Person,KOR,Korea,11.0,68,STROKES,,13
2024-08-02T17:54:13+02:00,GLFMSTROKE------------FNL-000200--,GLFMSTROKE,Men's Individual Stroke Play,Men's Individual Stroke Play Round 2,Round 2,FINISHED,M,Golf,GLF,Le Golf National,1951721,MORIKAWA Collin,Person,USA,United States,11.0,68,STROKES,,20
2024-08-02T17:54:13+02:00,GLFMSTROKE------------FNL-000200--,GLFMSTROKE,Men's Individual Stroke Play,Men's Individual Stroke Play Round 2,Round 2,FINISHED,M,Golf,GLF,Le Golf National,1889174,VENTURA Kristoffer,Person,NOR,Norway,11.0,68,STROKES,,27
2024-08-02T17:54:13+02:00,GLFMSTROKE------------FNL-000200--,GLFMSTROKE,Men's Individual Stroke Play,Men's Individual Stroke Play Round 2,Round 2,FINISHED,M,Golf,GLF,Le Golf National,1889030,OLESEN Thorbjorn,Person,DEN,Denmark,11.0,68,STROKES,,34
2024-08-02T17:54:13+02:00,GLFMSTROKE------------FNL-000200--,GLFMSTROKE,Men's Individual Stroke Play,Men's Individual Stroke Play Round 2,Round 2,FINISHED,M,Golf,GLF,Le Golf National,1951700,CLARK Wyndham,Person,USA,United States,11.0,68,STROKES,,43
2024-08-02T17:54:13+02:00,GLFMSTROKE------------FNL-000200--,GLFMSTROKE,Men's Individual Stroke Play,Men's Individual Stroke Play Round 2,Round 2,FINISHED,M,Golf,GLF,Le Golf National,1961406,MATSUYAMA Hideki,Person,JPN,Japan,11.0,68,STROKES,,44
2024-08-02T17:54:13+02:00,GLFMSTROKE------------FNL-000200--,GLFMSTROKE,Men's Individual Stroke Play,Men's Individual Stroke Play Round 2,Round 2,FINISHED,M,Golf,GLF,Le Golf National,1941773,DAY Jason,Person,AUS,Australia,11.0,68,STROKES,,47
2024-08-02T17:54:13+02:00,GLFMSTROKE------------FNL-000200--,GLFMSTROKE,Men's Individual Stroke Play,Men's Individual Stroke Play Round 2,Round 2,FINISHED,M,Golf,GLF,Le Golf National,1572181,KIM Tom,Person,KOR,Korea,11.0,68,STROKES,,48
2024-08-02T17:54:13+02:00,GLFMSTROKE------------FNL-000200--,GLFMSTROKE,Men's Individual Stroke Play,Men's Individual Stroke Play Round 2,Round 2,FINISHED,M,Golf,GLF,Le Golf National,1903732,MANASSERO Matteo,Person,ITA,Italy,19.0,69,STROKES,,3
2024-08-02T17:54:13+02:00,GLFMSTROKE------------FNL-000200--,GLFMSTROKE,Men's Individual Stroke Play,Men's Individual Stroke Play Round 2,Round 2,FINISHED,M,Golf,GLF,Le Golf National,1898581,PUIG David,Person,ESP,Spain,19.0,69,STROKES,,6
2024-08-02T17:54:13+02:00,GLFMSTROKE------------FNL-000200--,GLFMSTROKE,Men's Individual Stroke Play,Men's Individual Stroke Play Round 2,Round 2,FINISHED,M,Golf,GLF,Le Golf National,1897777,van ROOYEN Erik,Person,RSA,South Africa,19.0,69,STROKES,,7
2024-08-02T17:54:13+02:00,GLFMSTROKE------------FNL-000200--,GLFMSTROKE,Men's Individual Stroke Play,Men's Individual Stroke Play Round 2,Round 2,FINISHED,M,Golf,GLF,Le Golf National,1909144,YU Kevin,Person,TPE,Chinese Taipei,19.0,69,STROKES,,9
2024-08-02T17:54:13+02:00,GLFMSTROKE------------FNL-000200--,GLFMSTROKE,Men's Individual Stroke Play,Men's Individual Stroke Play Round 2,Round 2,FINISHED,M,Golf,GLF,Le Golf National,1536368,SHARMA Shubhankar,Person,IND,India,19.0,69,STROKES,,22
2024-08-02T17:54:13+02:00,GLFMSTROKE------------FNL-000200--,GLFMSTROKE,Men's Individual Stroke Play,Men's Individual Stroke Play Round 2,Round 2,FINISHED,M,Golf,GLF,Le Golf National,1938134,ECHAVARRIA Nico,Person,COL,Colombia,19.0,69,STROKES,,25
2024-08-02T17:54:13+02:00,GLFMSTROKE------------FNL-000200--,GLFMSTROKE,Men's Individual Stroke Play,Men's Individual Stroke Play Round 2,Round 2,FINISHED,M,Golf,GLF,Le Golf National,1546614,ZANOTTI Fabrizio,Person,PAR,Paraguay,19.0,69,STROKES,,28
2024-08-02T17:54:13+02:00,GLFMSTROKE------------FNL-000200--,GLFMSTROKE,Men's Individual Stroke Play,Men's Individual Stroke Play Round 2,Round 2,FINISHED,M,Golf,GLF,Le Golf National,1540039,TOSTI Alejandro,Person,ARG,Argentina,19.0,69,STROKES,,35
2024-08-02T17:54:13+02:00,GLFMSTROKE------------FNL-000200--,GLFMSTROKE,Men's Individual Stroke Play,Men's Individual Stroke Play Round 2,Round 2,FINISHED,M,Golf,GLF,Le Golf National,1966402,CONNERS Corey,Person,CAN,Canada,19.0,69,STROKES,,41
2024-08-02T17:54:13+02:00,GLFMSTROKE------------FNL-000200--,GLFMSTROKE,Men's Individual Stroke Play,Men's Individual Stroke Play Round 2,Round 2,FINISHED,M,Golf,GLF,Le Golf National,1951724,SCHEFFLER Scottie,Person,USA,United States,19.0,69,STROKES,,49
2024-08-02T17:54:13+02:00,GLFMSTROKE------------FNL-000200--,GLFMSTROKE,Men's Individual Stroke Play,Men's Individual Stroke Play Round 2,Round 2,FINISHED,M,Golf,GLF,Le Golf National,1910508,McILROY Rory,Person,IRL,Ireland,19.0,69,STROKES,,50
2024-08-02T17:54:13+02:00,GLFMSTROKE------------FNL-000200--,GLFMSTROKE,Men's Individual Stroke Play,Men's Individual Stroke Play Round 2,Round 2,FINISHED,M,Golf,GLF,Le Golf National,1556796,GREEN Gavin,Person,MAS,Malaysia,19.0,69,STROKES,,56
2024-08-02T17:54:13+02:00,GLFMSTROKE------------FNL-000200--,GLFMSTROKE,Men's Individual Stroke Play,Men's Individual Stroke Play Round 2,Round 2,FINISHED,M,Golf,GLF,Le Golf National,1536371,BHULLAR Gaganjeet,Person,IND,India,19.0,69,STROKES,,57
2024-08-02T17:54:13+02:00,GLFMSTROKE------------FNL-000200--,GLFMSTROKE,Men's Individual Stroke Play,Men's Individual Stroke Play Round 2,Round 2,FINISHED,M,Golf,GLF,Le Golf National,1961431,NAKAJIMA Keita,Person,JPN,Japan,32.0,70,STROKES,,8
2024-08-02T17:54:13+02:00,GLFMSTROKE------------FNL-000200--,GLFMSTROKE,Men's Individual Stroke Play,Men's Individual Stroke Play Round 2,Round 2,FINISHED,M,Golf,GLF,Le Golf National,1889028,HOJGAARD Nicolai,Person,DEN,Denmark,32.0,70,STROKES,,11
2024-08-02T17:54:13+02:00,GLFMSTROKE------------FNL-000200--,GLFMSTROKE,Men's Individual Stroke Play,Men's Individual Stroke Play Round 2,Round 2,FINISHED,M,Golf,GLF,Le Golf National,1550000,CAMPOS Rafa,Person,PUR,Puerto Rico,32.0,70,STROKES,,23
2024-08-02T17:54:13+02:00,GLFMSTROKE------------FNL-000200--,GLFMSTROKE,Men's Individual Stroke Play,Men's Individual Stroke Play Round 2,Round 2,FINISHED,M,Golf,GLF,Le Golf National,1557703,ORTIZ Carlos,Person,MEX,Mexico,32.0,70,STROKES,,24
2024-08-02T17:54:13+02:00,GLFMSTROKE------------FNL-000200--,GLFMSTROKE,Men's Individual Stroke Play,Men's Individual Stroke Play Round 2,Round 2,FINISHED,M,Golf,GLF,Le Golf National,1935109,NIEMANN Joaquin,Person,CHI,Chile,32.0,70,STROKES,,36
2024-08-02T17:54:13+02:00,GLFMSTROKE------------FNL-000200--,GLFMSTROKE,Men's Individual Stroke Play,Men's Individual Stroke Play Round 2,Round 2,FINISHED,M,Golf,GLF,Le Golf National,1880175,ABERG Ludvig,Person,SWE,Sweden,32.0,70,STROKES,,51
2024-08-02T17:54:13+02:00,GLFMSTROKE------------FNL-000200--,GLFMSTROKE,Men's Individual Stroke Play,Men's Individual Stroke Play Round 2,Round 2,FINISHED,M,Golf,GLF,Le Golf National,1903186,DUMONT de CHASSART Adrien,Person,BEL,Belgium,32.0,70,STROKES,,52
2024-08-02T17:54:13+02:00,GLFMSTROKE------------FNL-000200--,GLFMSTROKE,Men's Individual Stroke Play,Men's Individual Stroke Play Round 2,Round 2,FINISHED,M,Golf,GLF,Le Golf National,1913209,DOU Zecheng,Person,CHN,China,32.0,70,STROKES,,60
2024-08-02T17:54:13+02:00,GLFMSTROKE------------FNL-000200--,GLFMSTROKE,Men's Individual Stroke Play,Men's Individual Stroke Play Round 2,Round 2,FINISHED,M,Golf,GLF,Le Golf National,1937888,MERONK Adrian,Person,POL,Poland,40.0,71,STROKES,,4
2024-08-02T17:54:13+02:00,GLFMSTROKE------------FNL-000200--,GLFMSTROKE,Men's Individual Stroke Play,Men's Individual Stroke Play Round 2,Round 2,FINISHED,M,Golf,GLF,Le Golf National,1905109,VALIMAKI Sami,Person,FIN,Finland,40.0,71,STROKES,,5
2024-08-02T17:54:13+02:00,GLFMSTROKE------------FNL-000200--,GLFMSTROKE,Men's Individual Stroke Play,Men's Individual Stroke Play Round 2,Round 2,FINISHED,M,Golf,GLF,Le Golf National,1899121,LOWRY Shane,Person,IRL,Ireland,40.0,71,STROKES,,14
2024-08-02T17:54:13+02:00,GLFMSTROKE------------FNL-000200--,GLFMSTROKE,Men's Individual Stroke Play,Men's Individual Stroke Play Round 2,Round 2,FINISHED,M,Golf,GLF,Le Golf National,1897778,BEZUIDENHOUT Christiaan,Person,RSA,South Africa,40.0,71,STROKES,,42
2024-08-02T17:54:13+02:00,GLFMSTROKE------------FNL-000200--,GLFMSTROKE,Men's Individual Stroke Play,Men's Individual Stroke Play Round 2,Round 2,FINISHED,M,Golf,GLF,Le Golf National,1536341,ANCER Abraham,Person,MEX,Mexico,40.0,71,STROKES,,59
2024-08-02T17:54:13+02:00,GLFMSTROKE------------FNL-000200--,GLFMSTROKE,Men's Individual Stroke Play,Men's Individual Stroke Play Round 2,Round 2,FINISHED,M,Golf,GLF,Le Golf National,1913217,YUAN Yechun,Person,CHN,China,45.0,72,STROKES,,1
2024-08-02T17:54:13+02:00,GLFMSTROKE------------FNL-000200--,GLFMSTROKE,Men's Individual Stroke Play,Men's Individual Stroke Play Round 2,Round 2,FINISHED,M,Golf,GLF,Le Golf National,1976538,GIRRBACH Joel,Person,SUI,Switzerland,45.0,72,STROKES,,29
2024-08-02T17:54:13+02:00,GLFMSTROKE------------FNL-000200--,GLFMSTROKE,Men's Individual Stroke Play,Men's Individual Stroke Play Round 2,Round 2,FINISHED,M,Golf,GLF,Le Golf National,1905105,PULKKANEN Tapio,Person,FIN,Finland,45.0,72,STROKES,,30
2024-08-02T17:54:13+02:00,GLFMSTROKE------------FNL-000200--,GLFMSTROKE,Men's Individual Stroke Play,Men's Individual Stroke Play Round 2,Round 2,FINISHED,M,Golf,GLF,Le Golf National,1966414,TAYLOR Nick,Person,CAN,Canada,48.0,73,STROKES,,15
2024-08-02T17:54:13+02:00,GLFMSTROKE------------FNL-000200--,GLFMSTROKE,Men's Individual Stroke Play,Men's Individual Stroke Play Round 2,Round 2,FINISHED,M,Golf,GLF,Le Golf National,1939554,FOX Ryan,Person,NZL,New Zealand,48.0,73,STROKES,,39
2024-08-02T17:54:13+02:00,GLFMSTROKE------------FNL-000200--,GLFMSTROKE,Men's Individual Stroke Play,Men's Individual Stroke Play Round 2,Round 2,FINISHED,M,Golf,GLF,Le Golf National,1939559,HILLIER Daniel,Person,NZL,New Zealand,48.0,73,STROKES,,53
2024-08-02T17:54:13+02:00,GLFMSTROKE------------FNL-000200--,GLFMSTROKE,Men's Individual Stroke Play,Men's Individual Stroke Play Round 2,Round 2,FINISHED,M,Golf,GLF,Le Golf National,2500123,APHIBARNRAT Kiradech,Person,THA,Thailand,48.0,73,STROKES,,55
2024-08-02T17:54:13+02:00,GLFMSTROKE------------FNL-000200--,GLFMSTROKE,Men's Individual Stroke Play,Men's Individual Stroke Play Round 2,Round 2,FINISHED,M,Golf,GLF,Le Golf National,1938070,VILLEGAS Camilo,Person,COL,Colombia,52.0,74,STROKES,,2
2024-08-02T17:54:13+02:00,GLFMSTROKE------------FNL-000200--,GLFMSTROKE,Men's Individual Stroke Play,Men's Individual Stroke Play Round 2,Round 2,FINISHED,M,Golf,GLF,Le Golf National,1880177,NOREN Alex,Person,SWE,Sweden,52.0,74,STROKES,,38
2024-08-02T17:54:13+02:00,GLFMSTROKE------------FNL-000200--,GLFMSTROKE,Men's Individual Stroke Play,Men's Individual Stroke Play Round 2,Round 2,FINISHED,M,Golf,GLF,Le Golf National,1572603,STRAKA Sepp,Person,AUT,Austria,52.0,74,STROKES,,46
2024-08-02T17:54:13+02:00,GLFMSTROKE------------FNL-000200--,GLFMSTROKE,Men's Individual Stroke Play,Men's Individual Stroke Play Round 2,Round 2,FINISHED,M,Golf,GLF,Le Golf National,1878428,HOVLAND Viktor,Person,NOR,Norway,55.0,75,STROKES,,17
2024-08-02T17:54:13+02:00,GLFMSTROKE------------FNL-000200--,GLFMSTROKE,Men's Individual Stroke Play,Men's Individual Stroke Play Round 2,Round 2,FINISHED,M,Golf,GLF,Le Golf National,1912059,PAVON Matthieu,Person,FRA,France,55.0,75,STROKES,,19
2024-08-02T17:54:13+02:00,GLFMSTROKE------------FNL-000200--,GLFMSTROKE,Men's Individual Stroke Play,Men's Individual Stroke Play Round 2,Round 2,FINISHED,M,Golf,GLF,Le Golf National,1892513,SCHMID Matthias,Person,GER,Germany,55.0,75,STROKES,,32
2024-08-02T17:54:13+02:00,GLFMSTROKE------------FNL-000200--,GLFMSTROKE,Men's Individual Stroke Play,Men's Individual Stroke Play Round 2,Round 2,FINISHED,M,Golf,GLF,Le Golf National,1937366,GRILLO Emiliano,Person,ARG,Argentina,55.0,75,STROKES,,37
2024-08-02T17:54:13+02:00,GLFMSTROKE------------FNL-000200--,GLFMSTROKE,Men's Individual Stroke Play,Men's Individual Stroke Play Round 2,Round 2,FINISHED,M,Golf,GLF,Le Golf National,1945630,KHONGWATMAI Phachara,Person,THA,Thailand,55.0,75,STROKES,,58
2024-08-02T17:54:13+02:00,GLFMSTROKE------------FNL-000200--,GLFMSTROKE,Men's Individual Stroke Play,Men's Individual Stroke Play Round 2,Round 2,FINISHED,M,Golf,GLF,Le Golf National,1935118,PEREIRA Mito,Person,CHI,Chile,60.0,76,STROKES,,26
2024-08-03T17:49:32+02:00,GLFMSTROKE------------FNL-000300--,GLFMSTROKE,Men's Individual Stroke Play,Men's Individual Stroke Play Round 3,Round 3,FINISHED,M,Golf,GLF,Le Golf National,1889028,HOJGAARD Nicolai,Person,DEN,Denmark,1.0,62,STROKES,,28
2024-08-03T17:49:32+02:00,GLFMSTROKE------------FNL-000300--,GLFMSTROKE,Men's Individual Stroke Play,Men's Individual Stroke Play Round 3,Round 3,FINISHED,M,Golf,GLF,Le Golf National,1897778,BEZUIDENHOUT Christiaan,Person,RSA,South Africa,2.0,64,STROKES,,19
2024-08-03T17:49:32+02:00,GLFMSTROKE------------FNL-000300--,GLFMSTROKE,Men's Individual Stroke Play,Men's Individual Stroke Play Round 3,Round 3,FINISHED,M,Golf,GLF,Le Golf National,1951700,CLARK Wyndham,Person,USA,United States,3.0,65,STROKES,,11
2024-08-03T17:49:32+02:00,GLFMSTROKE------------FNL-000300--,GLFMSTROKE,Men's Individual Stroke Play,Men's Individual Stroke Play Round 3,Round 3,FINISHED,M,Golf,GLF,Le Golf National,1899121,LOWRY Shane,Person,IRL,Ireland,4.0,66,STROKES,,18
2024-08-03T17:49:32+02:00,GLFMSTROKE------------FNL-000300--,GLFMSTROKE,Men's Individual Stroke Play,Men's Individual Stroke Play Round 3,Round 3,FINISHED,M,Golf,GLF,Le Golf National,1572177,AN Byeong Hun,Person,KOR,Korea,4.0,66,STROKES,,29
2024-08-03T17:49:32+02:00,GLFMSTROKE------------FNL-000300--,GLFMSTROKE,Men's Individual Stroke Play,Men's Individual Stroke Play Round 3,Round 3,FINISHED,M,Golf,GLF,Le Golf National,1889030,OLESEN Thorbjorn,Person,DEN,Denmark,4.0,66,STROKES,,31
2024-08-03T17:49:32+02:00,GLFMSTROKE------------FNL-000300--,GLFMSTROKE,Men's Individual Stroke Play,Men's Individual Stroke Play Round 3,Round 3,FINISHED,M,Golf,GLF,Le Golf National,1880175,ABERG Ludvig,Person,SWE,Sweden,4.0,66,STROKES,,39
2024-08-03T17:49:32+02:00,GLFMSTROKE------------FNL-000300--,GLFMSTROKE,Men's Individual Stroke Play,Men's Individual Stroke Play Round 3,Round 3,FINISHED,M,Golf,GLF,Le Golf National,1910508,McILROY Rory,Person,IRL,Ireland,4.0,66,STROKES,,45
2024-08-03T17:49:32+02:00,GLFMSTROKE------------FNL-000300--,GLFMSTROKE,Men's Individual Stroke Play,Men's Individual Stroke Play Round 3,Round 3,FINISHED,M,Golf,GLF,Le Golf National,1898582,RAHM Jon,Person,ESP,Spain,4.0,66,STROKES,,55
2024-08-03T17:49:32+02:00,GLFMSTROKE------------FNL-000300--,GLFMSTROKE,Men's Individual Stroke Play,Men's Individual Stroke Play Round 3,Round 3,FINISHED,M,Golf,GLF,Le Golf National,1878428,HOVLAND Viktor,Person,NOR,Norway,10.0,67,STROKES,,9
2024-08-03T17:49:32+02:00,GLFMSTROKE------------FNL-000300--,GLFMSTROKE,Men's Individual Stroke Play,Men's Individual Stroke Play Round 3,Round 3,FINISHED,M,Golf,GLF,Le Golf National,1941773,DAY Jason,Person,AUS,Australia,10.0,67,STROKES,,44
2024-08-03T17:49:32+02:00,GLFMSTROKE------------FNL-000300--,GLFMSTROKE,Men's Individual Stroke Play,Men's Individual Stroke Play Round 3,Round 3,FINISHED,M,Golf,GLF,Le Golf National,1951724,SCHEFFLER Scottie,Person,USA,United States,10.0,67,STROKES,,51
2024-08-03T17:49:32+02:00,GLFMSTROKE------------FNL-000300--,GLFMSTROKE,Men's Individual Stroke Play,Men's Individual Stroke Play Round 3,Round 3,FINISHED,M,Golf,GLF,Le Golf National,1966414,TAYLOR Nick,Person,CAN,Canada,13.0,68,STROKES,,13
2024-08-03T17:49:32+02:00,GLFMSTROKE------------FNL-000300--,GLFMSTROKE,Men's Individual Stroke Play,Men's Individual Stroke Play Round 3,Round 3,FINISHED,M,Golf,GLF,Le Golf National,1941775,LEE Min Woo,Person,AUS,Australia,13.0,68,STROKES,,24
2024-08-03T17:49:32+02:00,GLFMSTROKE------------FNL-000300--,GLFMSTROKE,Men's Individual Stroke Play,Men's Individual Stroke Play Round 3,Round 3,FINISHED,M,Golf,GLF,Le Golf National,1939554,FOX Ryan,Person,NZL,New Zealand,13.0,68,STROKES,,30
2024-08-03T17:49:32+02:00,GLFMSTROKE------------FNL-000300--,GLFMSTROKE,Men's Individual Stroke Play,Men's Individual Stroke Play Round 3,Round 3,FINISHED,M,Golf,GLF,Le Golf National,1912058,PEREZ Victor,Person,FRA,France,13.0,68,STROKES,,47
2024-08-03T17:49:32+02:00,GLFMSTROKE------------FNL-000300--,GLFMSTROKE,Men's Individual Stroke Play,Men's Individual Stroke Play Round 3,Round 3,FINISHED,M,Golf,GLF,Le Golf National,1935109,NIEMANN Joaquin,Person,CHI,Chile,13.0,68,STROKES,,50
2024-08-03T17:49:32+02:00,GLFMSTROKE------------FNL-000300--,GLFMSTROKE,Men's Individual Stroke Play,Men's Individual Stroke Play Round 3,Round 3,FINISHED,M,Golf,GLF,Le Golf National,1951723,SCHAUFFELE Xander,Person,USA,United States,13.0,68,STROKES,,58
2024-08-03T17:49:32+02:00,GLFMSTROKE------------FNL-000300--,GLFMSTROKE,Men's Individual Stroke Play,Men's Individual Stroke Play Round 3,Round 3,FINISHED,M,Golf,GLF,Le Golf National,1892513,SCHMID Matthias,Person,GER,Germany,19.0,69,STROKES,,10
2024-08-03T17:49:32+02:00,GLFMSTROKE------------FNL-000300--,GLFMSTROKE,Men's Individual Stroke Play,Men's Individual Stroke Play Round 3,Round 3,FINISHED,M,Golf,GLF,Le Golf National,1556796,GREEN Gavin,Person,MAS,Malaysia,19.0,69,STROKES,,12
2024-08-03T17:49:32+02:00,GLFMSTROKE------------FNL-000300--,GLFMSTROKE,Men's Individual Stroke Play,Men's Individual Stroke Play Round 3,Round 3,FINISHED,M,Golf,GLF,Le Golf National,1903732,MANASSERO Matteo,Person,ITA,Italy,19.0,69,STROKES,,40
2024-08-03T17:49:32+02:00,GLFMSTROKE------------FNL-000300--,GLFMSTROKE,Men's Individual Stroke Play,Men's Individual Stroke Play Round 3,Round 3,FINISHED,M,Golf,GLF,Le Golf National,1966402,CONNERS Corey,Person,CAN,Canada,19.0,69,STROKES,,43
2024-08-03T17:49:32+02:00,GLFMSTROKE------------FNL-000300--,GLFMSTROKE,Men's Individual Stroke Play,Men's Individual Stroke Play Round 3,Round 3,FINISHED,M,Golf,GLF,Le Golf National,1540039,TOSTI Alejandro,Person,ARG,Argentina,19.0,69,STROKES,,48
2024-08-03T17:49:32+02:00,GLFMSTROKE------------FNL-000300--,GLFMSTROKE,Men's Individual Stroke Play,Men's Individual Stroke Play Round 3,Round 3,FINISHED,M,Golf,GLF,Le Golf National,1897777,van ROOYEN Erik,Person,RSA,South Africa,19.0,69,STROKES,,49
2024-08-03T17:49:32+02:00,GLFMSTROKE------------FNL-000300--,GLFMSTROKE,Men's Individual Stroke Play,Men's Individual Stroke Play Round 3,Round 3,FINISHED,M,Golf,GLF,Le Golf National,1572181,KIM Tom,Person,KOR,Korea,19.0,69,STROKES,,52
2024-08-03T17:49:32+02:00,GLFMSTROKE------------FNL-000300--,GLFMSTROKE,Men's Individual Stroke Play,Men's Individual Stroke Play Round 3,Round 3,FINISHED,M,Golf,GLF,Le Golf National,1903185,DETRY Thomas,Person,BEL,Belgium,19.0,69,STROKES,,56
2024-08-03T17:49:32+02:00,GLFMSTROKE------------FNL-000300--,GLFMSTROKE,Men's Individual Stroke Play,Men's Individual Stroke Play Round 3,Round 3,FINISHED,M,Golf,GLF,Le Golf National,1923629,FLEETWOOD Tommy,Person,GBR,Great Britain,19.0,69,STROKES,,60
2024-08-03T17:49:32+02:00,GLFMSTROKE------------FNL-000300--,GLFMSTROKE,Men's Individual Stroke Play,Men's Individual Stroke Play Round 3,Round 3,FINISHED,M,Golf,GLF,Le Golf National,1939559,HILLIER Daniel,Person,NZL,New Zealand,28.0,70,STROKES,,2
2024-08-03T17:49:32+02:00,GLFMSTROKE------------FNL-000300--,GLFMSTROKE,Men's Individual Stroke Play,Men's Individual Stroke Play Round 3,Round 3,FINISHED,M,Golf,GLF,Le Golf National,1550000,CAMPOS Rafa,Person,PUR,Puerto Rico,28.0,70,STROKES,,14
2024-08-03T17:49:32+02:00,GLFMSTROKE------------FNL-000300--,GLFMSTROKE,Men's Individual Stroke Play,Men's Individual Stroke Play Round 3,Round 3,FINISHED,M,Golf,GLF,Le Golf National,1572603,STRAKA Sepp,Person,AUT,Austria,28.0,70,STROKES,,20
2024-08-03T17:49:32+02:00,GLFMSTROKE------------FNL-000300--,GLFMSTROKE,Men's Individual Stroke Play,Men's Individual Stroke Play Round 3,Round 3,FINISHED,M,Golf,GLF,Le Golf National,1903186,DUMONT de CHASSART Adrien,Person,BEL,Belgium,28.0,70,STROKES,,25
2024-08-03T17:49:32+02:00,GLFMSTROKE------------FNL-000300--,GLFMSTROKE,Men's Individual Stroke Play,Men's Individual Stroke Play Round 3,Round 3,FINISHED,M,Golf,GLF,Le Golf National,1976538,GIRRBACH Joel,Person,SUI,Switzerland,28.0,70,STROKES,,26
2024-08-03T17:49:32+02:00,GLFMSTROKE------------FNL-000300--,GLFMSTROKE,Men's Individual Stroke Play,Men's Individual Stroke Play Round 3,Round 3,FINISHED,M,Golf,GLF,Le Golf National,1951721,MORIKAWA Collin,Person,USA,United States,28.0,70,STROKES,,37
2024-08-03T17:49:32+02:00,GLFMSTROKE------------FNL-000300--,GLFMSTROKE,Men's Individual Stroke Play,Men's Individual Stroke Play Round 3,Round 3,FINISHED,M,Golf,GLF,Le Golf National,1557703,ORTIZ Carlos,Person,MEX,Mexico,28.0,70,STROKES,,38
2024-08-03T17:49:32+02:00,GLFMSTROKE------------FNL-000300--,GLFMSTROKE,Men's Individual Stroke Play,Men's Individual Stroke Play Round 3,Round 3,FINISHED,M,Golf,GLF,Le Golf National,1898581,PUIG David,Person,ESP,Spain,28.0,70,STROKES,,42
2024-08-03T17:49:32+02:00,GLFMSTROKE------------FNL-000300--,GLFMSTROKE,Men's Individual Stroke Play,Men's Individual Stroke Play Round 3,Round 3,FINISHED,M,Golf,GLF,Le Golf National,1536371,BHULLAR Gaganjeet,Person,IND,India,36.0,71,STROKES,,8
2024-08-03T17:49:32+02:00,GLFMSTROKE------------FNL-000300--,GLFMSTROKE,Men's Individual Stroke Play,Men's Individual Stroke Play Round 3,Round 3,FINISHED,M,Golf,GLF,Le Golf National,1938134,ECHAVARRIA Nico,Person,COL,Colombia,36.0,71,STROKES,,15
2024-08-03T17:49:32+02:00,GLFMSTROKE------------FNL-000300--,GLFMSTROKE,Men's Individual Stroke Play,Men's Individual Stroke Play Round 3,Round 3,FINISHED,M,Golf,GLF,Le Golf National,1536341,ANCER Abraham,Person,MEX,Mexico,36.0,71,STROKES,,21
2024-08-03T17:49:32+02:00,GLFMSTROKE------------FNL-000300--,GLFMSTROKE,Men's Individual Stroke Play,Men's Individual Stroke Play Round 3,Round 3,FINISHED,M,Golf,GLF,Le Golf National,1880177,NOREN Alex,Person,SWE,Sweden,36.0,71,STROKES,,23
2024-08-03T17:49:32+02:00,GLFMSTROKE------------FNL-000300--,GLFMSTROKE,Men's Individual Stroke Play,Men's Individual Stroke Play Round 3,Round 3,FINISHED,M,Golf,GLF,Le Golf National,1905105,PULKKANEN Tapio,Person,FIN,Finland,36.0,71,STROKES,,27
2024-08-03T17:49:32+02:00,GLFMSTROKE------------FNL-000300--,GLFMSTROKE,Men's Individual Stroke Play,Men's Individual Stroke Play Round 3,Round 3,FINISHED,M,Golf,GLF,Le Golf National,1546614,ZANOTTI Fabrizio,Person,PAR,Paraguay,36.0,71,STROKES,,36
2024-08-03T17:49:32+02:00,GLFMSTROKE------------FNL-000300--,GLFMSTROKE,Men's Individual Stroke Play,Men's Individual Stroke Play Round 3,Round 3,FINISHED,M,Golf,GLF,Le Golf National,1961406,MATSUYAMA Hideki,Person,JPN,Japan,36.0,71,STROKES,,59
2024-08-03T17:49:32+02:00,GLFMSTROKE------------FNL-000300--,GLFMSTROKE,Men's Individual Stroke Play,Men's Individual Stroke Play Round 3,Round 3,FINISHED,M,Golf,GLF,Le Golf National,2500123,APHIBARNRAT Kiradech,Person,THA,Thailand,43.0,72,STROKES,,1
2024-08-03T17:49:32+02:00,GLFMSTROKE------------FNL-000300--,GLFMSTROKE,Men's Individual Stroke Play,Men's Individual Stroke Play Round 3,Round 3,FINISHED,M,Golf,GLF,Le Golf National,1938070,VILLEGAS Camilo,Person,COL,Colombia,43.0,72,STROKES,,3
2024-08-03T17:49:32+02:00,GLFMSTROKE------------FNL-000300--,GLFMSTROKE,Men's Individual Stroke Play,Men's Individual Stroke Play Round 3,Round 3,FINISHED,M,Golf,GLF,Le Golf National,1937888,MERONK Adrian,Person,POL,Poland,43.0,72,STROKES,,7
2024-08-03T17:49:32+02:00,GLFMSTROKE------------FNL-000300--,GLFMSTROKE,Men's Individual Stroke Play,Men's Individual Stroke Play Round 3,Round 3,FINISHED,M,Golf,GLF,Le Golf National,1909144,YU Kevin,Person,TPE,Chinese Taipei,43.0,72,STROKES,,17
2024-08-03T17:49:32+02:00,GLFMSTROKE------------FNL-000300--,GLFMSTROKE,Men's Individual Stroke Play,Men's Individual Stroke Play Round 3,Round 3,FINISHED,M,Golf,GLF,Le Golf National,1536368,SHARMA Shubhankar,Person,IND,India,43.0,72,STROKES,,34
2024-08-03T17:49:32+02:00,GLFMSTROKE------------FNL-000300--,GLFMSTROKE,Men's Individual Stroke Play,Men's Individual Stroke Play Round 3,Round 3,FINISHED,M,Golf,GLF,Le Golf National,1905109,VALIMAKI Sami,Person,FIN,Finland,43.0,72,STROKES,,41
2024-08-03T17:49:32+02:00,GLFMSTROKE------------FNL-000300--,GLFMSTROKE,Men's Individual Stroke Play,Men's Individual Stroke Play Round 3,Round 3,FINISHED,M,Golf,GLF,Le Golf National,1892516,JAEGER Stephan,Person,GER,Germany,43.0,72,STROKES,,53
2024-08-03T17:49:32+02:00,GLFMSTROKE------------FNL-000300--,GLFMSTROKE,Men's Individual Stroke Play,Men's Individual Stroke Play Round 3,Round 3,FINISHED,M,Golf,GLF,Le Golf National,1909042,PAN C.T.,Person,TPE,Chinese Taipei,43.0,72,STROKES,,57
2024-08-03T17:49:32+02:00,GLFMSTROKE------------FNL-000300--,GLFMSTROKE,Men's Individual Stroke Play,Men's Individual Stroke Play Round 3,Round 3,FINISHED,M,Golf,GLF,Le Golf National,1961431,NAKAJIMA Keita,Person,JPN,Japan,51.0,73,STROKES,,33
2024-08-03T17:49:32+02:00,GLFMSTROKE------------FNL-000300--,GLFMSTROKE,Men's Individual Stroke Play,Men's Individual Stroke Play Round 3,Round 3,FINISHED,M,Golf,GLF,Le Golf National,1935118,PEREIRA Mito,Person,CHI,Chile,52.0,74,STROKES,,4
2024-08-03T17:49:32+02:00,GLFMSTROKE------------FNL-000300--,GLFMSTROKE,Men's Individual Stroke Play,Men's Individual Stroke Play Round 3,Round 3,FINISHED,M,Golf,GLF,Le Golf National,1945630,KHONGWATMAI Phachara,Person,THA,Thailand,52.0,74,STROKES,,5
2024-08-03T17:49:32+02:00,GLFMSTROKE------------FNL-000300--,GLFMSTROKE,Men's Individual Stroke Play,Men's Individual Stroke Play Round 3,Round 3,FINISHED,M,Golf,GLF,Le Golf National,1903740,MIGLIOZZI Guido,Person,ITA,Italy,52.0,74,STROKES,,54
2024-08-03T17:49:32+02:00,GLFMSTROKE------------FNL-000300--,GLFMSTROKE,Men's Individual Stroke Play,Men's Individual Stroke Play Round 3,Round 3,FINISHED,M,Golf,GLF,Le Golf National,1937366,GRILLO Emiliano,Person,ARG,Argentina,55.0,75,STROKES,,22
2024-08-03T17:49:32+02:00,GLFMSTROKE------------FNL-000300--,GLFMSTROKE,Men's Individual Stroke Play,Men's Individual Stroke Play Round 3,Round 3,FINISHED,M,Golf,GLF,Le Golf National,1889174,VENTURA Kristoffer,Person,NOR,Norway,56.0,76,STROKES,,35
2024-08-03T17:49:32+02:00,GLFMSTROKE------------FNL-000300--,GLFMSTROKE,Men's Individual Stroke Play,Men's Individual Stroke Play Round 3,Round 3,FINISHED,M,Golf,GLF,Le Golf National,1912059,PAVON Matthieu,Person,FRA,France,57.0,77,STROKES,,6
2024-08-03T17:49:32+02:00,GLFMSTROKE------------FNL-000300--,GLFMSTROKE,Men's Individual Stroke Play,Men's Individual Stroke Play Round 3,Round 3,FINISHED,M,Golf,GLF,Le Golf National,1913209,DOU Zecheng,Person,CHN,China,57.0,77,STROKES,,32
2024-08-03T17:49:32+02:00,GLFMSTROKE------------FNL-000300--,GLFMSTROKE,Men's Individual Stroke Play,Men's Individual Stroke Play Round 3,Round 3,FINISHED,M,Golf,GLF,Le Golf National,1913217,YUAN Yechun,Person,CHN,China,59.0,78,STROKES,,16
2024-08-03T17:49:32+02:00,GLFMSTROKE------------FNL-000300--,GLFMSTROKE,Men's Individual Stroke Play,Men's Individual Stroke Play Round 3,Round 3,FINISHED,M,Golf,GLF,Le Golf National,1898169,FITZPATRICK Matt,Person,GBR,Great Britain,60.0,81,STROKES,,46
2024-08-04T17:51:04+02:00,GLFMSTROKE------------FNL-000400--,GLFMSTROKE,Men's Individual Stroke Play,Men's Individual Stroke Play Round 4,Round 4,FINISHED,M,Golf,GLF,Le Golf National,1951724,SCHEFFLER Scottie,Person,USA,United States,1.0,62,STROKES,,51
2024-08-04T17:51:04+02:00,GLFMSTROKE------------FNL-000400--,GLFMSTROKE,Men's Individual Stroke Play,Men's Individual Stroke Play Round 4,Round 4,FINISHED,M,Golf,GLF,Le Golf National,1912058,PEREZ Victor,Person,FRA,France,2.0,63,STROKES,,47
2024-08-04T17:51:04+02:00,GLFMSTROKE------------FNL-000400--,GLFMSTROKE,Men's Individual Stroke Play,Men's Individual Stroke Play Round 4,Round 4,FINISHED,M,Golf,GLF,Le Golf National,1951700,CLARK Wyndham,Person,USA,United States,3.0,65,STROKES,,37
2024-08-04T17:51:04+02:00,GLFMSTROKE------------FNL-000400--,GLFMSTROKE,Men's Individual Stroke Play,Men's Individual Stroke Play Round 4,Round 4,FINISHED,M,Golf,GLF,Le Golf National,1961406,MATSUYAMA Hideki,Person,JPN,Japan,3.0,65,STROKES,,55
2024-08-04T17:51:04+02:00,GLFMSTROKE------------FNL-000400--,GLFMSTROKE,Men's Individual Stroke Play,Men's Individual Stroke Play Round 4,Round 4,FINISHED,M,Golf,GLF,Le Golf National,1935118,PEREIRA Mito,Person,CHI,Chile,5.0,66,STROKES,,3
2024-08-04T17:51:04+02:00,GLFMSTROKE------------FNL-000400--,GLFMSTROKE,Men's Individual Stroke Play,Men's Individual Stroke Play Round 4,Round 4,FINISHED,M,Golf,GLF,Le Golf National,1966402,CONNERS Corey,Person,CAN,Canada,5.0,66,STROKES,,44
2024-08-04T17:51:04+02:00,GLFMSTROKE------------FNL-000400--,GLFMSTROKE,Men's Individual Stroke Play,Men's Individual Stroke Play Round 4,Round 4,FINISHED,M,Golf,GLF,Le Golf National,1910508,McILROY Rory,Person,IRL,Ireland,5.0,66,STROKES,,56
2024-08-04T17:51:04+02:00,GLFMSTROKE------------FNL-000400--,GLFMSTROKE,Men's Individual Stroke Play,Men's Individual Stroke Play Round 4,Round 4,FINISHED,M,Golf,GLF,Le Golf National,1923629,FLEETWOOD Tommy,Person,GBR,Great Britain,5.0,66,STROKES,,59
2024-08-04T17:51:04+02:00,GLFMSTROKE------------FNL-000400--,GLFMSTROKE,Men's Individual Stroke Play,Men's Individual Stroke Play Round 4,Round 4,FINISHED,M,Golf,GLF,Le Golf National,1550000,CAMPOS Rafa,Person,PUR,Puerto Rico,9.0,67,STROKES,,16
2024-08-04T17:51:04+02:00,GLFMSTROKE------------FNL-000400--,GLFMSTROKE,Men's Individual Stroke Play,Men's Individual Stroke Play Round 4,Round 4,FINISHED,M,Golf,GLF,Le Golf National,1892513,SCHMID Matthias,Person,GER,Germany,9.0,67,STROKES,,23
2024-08-04T17:51:04+02:00,GLFMSTROKE------------FNL-000400--,GLFMSTROKE,Men's Individual Stroke Play,Men's Individual Stroke Play Round 4,Round 4,FINISHED,M,Golf,GLF,Le Golf National,1937366,GRILLO Emiliano,Person,ARG,Argentina,11.0,68,STROKES,,11
2024-08-04T17:51:04+02:00,GLFMSTROKE------------FNL-000400--,GLFMSTROKE,Men's Individual Stroke Play,Men's Individual Stroke Play Round 4,Round 4,FINISHED,M,Golf,GLF,Le Golf National,1938134,ECHAVARRIA Nico,Person,COL,Colombia,11.0,68,STROKES,,12
2024-08-04T17:51:04+02:00,GLFMSTROKE------------FNL-000400--,GLFMSTROKE,Men's Individual Stroke Play,Men's Individual Stroke Play Round 4,Round 4,FINISHED,M,Golf,GLF,Le Golf National,1878428,HOVLAND Viktor,Person,NOR,Norway,11.0,68,STROKES,,22
2024-08-04T17:51:04+02:00,GLFMSTROKE------------FNL-000400--,GLFMSTROKE,Men's Individual Stroke Play,Men's Individual Stroke Play Round 4,Round 4,FINISHED,M,Golf,GLF,Le Golf National,1941775,LEE Min Woo,Person,AUS,Australia,11.0,68,STROKES,,31
2024-08-04T17:51:04+02:00,GLFMSTROKE------------FNL-000400--,GLFMSTROKE,Men's Individual Stroke Play,Men's Individual Stroke Play Round 4,Round 4,FINISHED,M,Golf,GLF,Le Golf National,1903740,MIGLIOZZI Guido,Person,ITA,Italy,11.0,68,STROKES,,32
2024-08-04T17:51:04+02:00,GLFMSTROKE------------FNL-000400--,GLFMSTROKE,Men's Individual Stroke Play,Men's Individual Stroke Play Round 4,Round 4,FINISHED,M,Golf,GLF,Le Golf National,1889030,OLESEN Thorbjorn,Person,DEN,Denmark,11.0,68,STROKES,,46
2024-08-04T17:51:04+02:00,GLFMSTROKE------------FNL-000400--,GLFMSTROKE,Men's Individual Stroke Play,Men's Individual Stroke Play Round 4,Round 4,FINISHED,M,Golf,GLF,Le Golf National,1941773,DAY Jason,Person,AUS,Australia,11.0,68,STROKES,,49
2024-08-04T17:51:04+02:00,GLFMSTROKE------------FNL-000400--,GLFMSTROKE,Men's Individual Stroke Play,Men's Individual Stroke Play Round 4,Round 4,FINISHED,M,Golf,GLF,Le Golf National,1935109,NIEMANN Joaquin,Person,CHI,Chile,11.0,68,STROKES,,50
2024-08-04T17:51:04+02:00,GLFMSTROKE------------FNL-000400--,GLFMSTROKE,Men's Individual Stroke Play,Men's Individual Stroke Play Round 4,Round 4,FINISHED,M,Golf,GLF,Le Golf National,1572181,KIM Tom,Person,KOR,Korea,11.0,68,STROKES,,52
2024-08-04T17:51:04+02:00,GLFMSTROKE------------FNL-000400--,GLFMSTROKE,Men's Individual Stroke Play,Men's Individual Stroke Play Round 4,Round 4,FINISHED,M,Golf,GLF,Le Golf National,1889028,HOJGAARD Nicolai,Person,DEN,Denmark,11.0,68,STROKES,,54
2024-08-04T17:51:04+02:00,GLFMSTROKE------------FNL-000400--,GLFMSTROKE,Men's Individual Stroke Play,Men's Individual Stroke Play Round 4,Round 4,FINISHED,M,Golf,GLF,Le Golf National,1889174,VENTURA Kristoffer,Person,NOR,Norway,21.0,69,STROKES,,9
2024-08-04T17:51:04+02:00,GLFMSTROKE------------FNL-000400--,GLFMSTROKE,Men's Individual Stroke Play,Men's Individual Stroke Play Round 4,Round 4,FINISHED,M,Golf,GLF,Le Golf National,1556796,GREEN Gavin,Person,MAS,Malaysia,21.0,69,STROKES,,18
2024-08-04T17:51:04+02:00,GLFMSTROKE------------FNL-000400--,GLFMSTROKE,Men's Individual Stroke Play,Men's Individual Stroke Play Round 4,Round 4,FINISHED,M,Golf,GLF,Le Golf National,1966414,TAYLOR Nick,Person,CAN,Canada,21.0,69,STROKES,,24
2024-08-04T17:51:04+02:00,GLFMSTROKE------------FNL-000400--,GLFMSTROKE,Men's Individual Stroke Play,Men's Individual Stroke Play Round 4,Round 4,FINISHED,M,Golf,GLF,Le Golf National,1903732,MANASSERO Matteo,Person,ITA,Italy,21.0,69,STROKES,,41
2024-08-04T17:51:04+02:00,GLFMSTROKE------------FNL-000400--,GLFMSTROKE,Men's Individual Stroke Play,Men's Individual Stroke Play Round 4,Round 4,FINISHED,M,Golf,GLF,Le Golf National,1897778,BEZUIDENHOUT Christiaan,Person,RSA,South Africa,21.0,69,STROKES,,45
2024-08-04T17:51:04+02:00,GLFMSTROKE------------FNL-000400--,GLFMSTROKE,Men's Individual Stroke Play,Men's Individual Stroke Play Round 4,Round 4,FINISHED,M,Golf,GLF,Le Golf National,1903185,DETRY Thomas,Person,BEL,Belgium,21.0,69,STROKES,,53
2024-08-04T17:51:04+02:00,GLFMSTROKE------------FNL-000400--,GLFMSTROKE,Men's Individual Stroke Play,Men's Individual Stroke Play Round 4,Round 4,FINISHED,M,Golf,GLF,Le Golf National,1536371,BHULLAR Gaganjeet,Person,IND,India,27.0,70,STROKES,,14
2024-08-04T17:51:04+02:00,GLFMSTROKE------------FNL-000400--,GLFMSTROKE,Men's Individual Stroke Play,Men's Individual Stroke Play Round 4,Round 4,FINISHED,M,Golf,GLF,Le Golf National,1905105,PULKKANEN Tapio,Person,FIN,Finland,27.0,70,STROKES,,15
2024-08-04T17:51:04+02:00,GLFMSTROKE------------FNL-000400--,GLFMSTROKE,Men's Individual Stroke Play,Men's Individual Stroke Play Round 4,Round 4,FINISHED,M,Golf,GLF,Le Golf National,1536341,ANCER Abraham,Person,MEX,Mexico,27.0,70,STROKES,,19
2024-08-04T17:51:04+02:00,GLFMSTROKE------------FNL-000400--,GLFMSTROKE,Men's Individual Stroke Play,Men's Individual Stroke Play Round 4,Round 4,FINISHED,M,Golf,GLF,Le Golf National,1951721,MORIKAWA Collin,Person,USA,United States,27.0,70,STROKES,,34
2024-08-04T17:51:04+02:00,GLFMSTROKE------------FNL-000400--,GLFMSTROKE,Men's Individual Stroke Play,Men's Individual Stroke Play Round 4,Round 4,FINISHED,M,Golf,GLF,Le Golf National,1540039,TOSTI Alejandro,Person,ARG,Argentina,27.0,70,STROKES,,39
2024-08-04T17:51:04+02:00,GLFMSTROKE------------FNL-000400--,GLFMSTROKE,Men's Individual Stroke Play,Men's Individual Stroke Play Round 4,Round 4,FINISHED,M,Golf,GLF,Le Golf National,1909042,PAN C.T.,Person,TPE,Chinese Taipei,27.0,70,STROKES,,40
2024-08-04T17:51:04+02:00,GLFMSTROKE------------FNL-000400--,GLFMSTROKE,Men's Individual Stroke Play,Men's Individual Stroke Play Round 4,Round 4,FINISHED,M,Golf,GLF,Le Golf National,1897777,van ROOYEN Erik,Person,RSA,South Africa,27.0,70,STROKES,,42
2024-08-04T17:51:04+02:00,GLFMSTROKE------------FNL-000400--,GLFMSTROKE,Men's Individual Stroke Play,Men's Individual Stroke Play Round 4,Round 4,FINISHED,M,Golf,GLF,Le Golf National,1898582,RAHM Jon,Person,ESP,Spain,27.0,70,STROKES,,57
2024-08-04T17:51:04+02:00,GLFMSTROKE------------FNL-000400--,GLFMSTROKE,Men's Individual Stroke Play,Men's Individual Stroke Play Round 4,Round 4,FINISHED,M,Golf,GLF,Le Golf National,1938070,VILLEGAS Camilo,Person,COL,Colombia,35.0,71,STROKES,,1
2024-08-04T17:51:04+02:00,GLFMSTROKE------------FNL-000400--,GLFMSTROKE,Men's Individual Stroke Play,Men's Individual Stroke Play Round 4,Round 4,FINISHED,M,Golf,GLF,Le Golf National,2500123,APHIBARNRAT Kiradech,Person,THA,Thailand,35.0,71,STROKES,,8
2024-08-04T17:51:04+02:00,GLFMSTROKE------------FNL-000400--,GLFMSTROKE,Men's Individual Stroke Play,Men's Individual Stroke Play Round 4,Round 4,FINISHED,M,Golf,GLF,Le Golf National,1937888,MERONK Adrian,Person,POL,Poland,35.0,71,STROKES,,10
2024-08-04T17:51:04+02:00,GLFMSTROKE------------FNL-000400--,GLFMSTROKE,Men's Individual Stroke Play,Men's Individual Stroke Play Round 4,Round 4,FINISHED,M,Golf,GLF,Le Golf National,1572603,STRAKA Sepp,Person,AUT,Austria,35.0,71,STROKES,,25
2024-08-04T17:51:04+02:00,GLFMSTROKE------------FNL-000400--,GLFMSTROKE,Men's Individual Stroke Play,Men's Individual Stroke Play Round 4,Round 4,FINISHED,M,Golf,GLF,Le Golf National,1546614,ZANOTTI Fabrizio,Person,PAR,Paraguay,35.0,71,STROKES,,28
2024-08-04T17:51:04+02:00,GLFMSTROKE------------FNL-000400--,GLFMSTROKE,Men's Individual Stroke Play,Men's Individual Stroke Play Round 4,Round 4,FINISHED,M,Golf,GLF,Le Golf National,1557703,ORTIZ Carlos,Person,MEX,Mexico,35.0,71,STROKES,,35
2024-08-04T17:51:04+02:00,GLFMSTROKE------------FNL-000400--,GLFMSTROKE,Men's Individual Stroke Play,Men's Individual Stroke Play Round 4,Round 4,FINISHED,M,Golf,GLF,Le Golf National,1899121,LOWRY Shane,Person,IRL,Ireland,35.0,71,STROKES,,38
2024-08-04T17:51:04+02:00,GLFMSTROKE------------FNL-000400--,GLFMSTROKE,Men's Individual Stroke Play,Men's Individual Stroke Play Round 4,Round 4,FINISHED,M,Golf,GLF,Le Golf National,1913217,YUAN Yechun,Person,CHN,China,42.0,72,STROKES,,5
2024-08-04T17:51:04+02:00,GLFMSTROKE------------FNL-000400--,GLFMSTROKE,Men's Individual Stroke Play,Men's Individual Stroke Play Round 4,Round 4,FINISHED,M,Golf,GLF,Le Golf National,1536368,SHARMA Shubhankar,Person,IND,India,42.0,72,STROKES,,21
2024-08-04T17:51:04+02:00,GLFMSTROKE------------FNL-000400--,GLFMSTROKE,Men's Individual Stroke Play,Men's Individual Stroke Play Round 4,Round 4,FINISHED,M,Golf,GLF,Le Golf National,1892516,JAEGER Stephan,Person,GER,Germany,42.0,72,STROKES,,36
2024-08-04T17:51:04+02:00,GLFMSTROKE------------FNL-000400--,GLFMSTROKE,Men's Individual Stroke Play,Men's Individual Stroke Play Round 4,Round 4,FINISHED,M,Golf,GLF,Le Golf National,1572177,AN Byeong Hun,Person,KOR,Korea,42.0,72,STROKES,,43
2024-08-04T17:51:04+02:00,GLFMSTROKE------------FNL-000400--,GLFMSTROKE,Men's Individual Stroke Play,Men's Individual Stroke Play Round 4,Round 4,FINISHED,M,Golf,GLF,Le Golf National,1880175,ABERG Ludvig,Person,SWE,Sweden,42.0,72,STROKES,,48
2024-08-04T17:51:04+02:00,GLFMSTROKE------------FNL-000400--,GLFMSTROKE,Men's Individual Stroke Play,Men's Individual Stroke Play Round 4,Round 4,FINISHED,M,Golf,GLF,Le Golf National,1913209,DOU Zecheng,Person,CHN,China,47.0,73,STROKES,,6
2024-08-04T17:51:04+02:00,GLFMSTROKE------------FNL-000400--,GLFMSTROKE,Men's Individual Stroke Play,Men's Individual Stroke Play Round 4,Round 4,FINISHED,M,Golf,GLF,Le Golf National,1939559,HILLIER Daniel,Person,NZL,New Zealand,47.0,73,STROKES,,7
2024-08-04T17:51:04+02:00,GLFMSTROKE------------FNL-000400--,GLFMSTROKE,Men's Individual Stroke Play,Men's Individual Stroke Play Round 4,Round 4,FINISHED,M,Golf,GLF,Le Golf National,1880177,NOREN Alex,Person,SWE,Sweden,47.0,73,STROKES,,20
2024-08-04T17:51:04+02:00,GLFMSTROKE------------FNL-000400--,GLFMSTROKE,Men's Individual Stroke Play,Men's Individual Stroke Play Round 4,Round 4,FINISHED,M,Golf,GLF,Le Golf National,1903186,DUMONT de CHASSART Adrien,Person,BEL,Belgium,47.0,73,STROKES,,27
2024-08-04T17:51:04+02:00,GLFMSTROKE------------FNL-000400--,GLFMSTROKE,Men's Individual Stroke Play,Men's Individual Stroke Play Round 4,Round 4,FINISHED,M,Golf,GLF,Le Golf National,1951723,SCHAUFFELE Xander,Person,USA,United States,47.0,73,STROKES,,58
2024-08-04T17:51:04+02:00,GLFMSTROKE------------FNL-000400--,GLFMSTROKE,Men's Individual Stroke Play,Men's Individual Stroke Play Round 4,Round 4,FINISHED,M,Golf,GLF,Le Golf National,1912059,PAVON Matthieu,Person,FRA,France,52.0,74,STROKES,,2
2024-08-04T17:51:04+02:00,GLFMSTROKE------------FNL-000400--,GLFMSTROKE,Men's Individual Stroke Play,Men's Individual Stroke Play Round 4,Round 4,FINISHED,M,Golf,GLF,Le Golf National,1909144,YU Kevin,Person,TPE,Chinese Taipei,52.0,74,STROKES,,13
2024-08-04T17:51:04+02:00,GLFMSTROKE------------FNL-000400--,GLFMSTROKE,Men's Individual Stroke Play,Men's Individual Stroke Play Round 4,Round 4,FINISHED,M,Golf,GLF,Le Golf National,1961431,NAKAJIMA Keita,Person,JPN,Japan,52.0,74,STROKES,,17
2024-08-04T17:51:04+02:00,GLFMSTROKE------------FNL-000400--,GLFMSTROKE,Men's Individual Stroke Play,Men's Individual Stroke Play Round 4,Round 4,FINISHED,M,Golf,GLF,Le Golf National,1939554,FOX Ryan,Person,NZL,New Zealand,52.0,74,STROKES,,33
2024-08-04T17:51:04+02:00,GLFMSTROKE------------FNL-000400--,GLFMSTROKE,Men's Individual Stroke Play,Men's Individual Stroke Play Round 4,Round 4,FINISHED,M,Golf,GLF,Le Golf National,1905109,VALIMAKI Sami,Person,FIN,Finland,56.0,75,STROKES,,29
2024-08-04T17:51:04+02:00,GLFMSTROKE------------FNL-000400--,GLFMSTROKE,Men's Individual Stroke Play,Men's Individual Stroke Play Round 4,Round 4,FINISHED,M,Golf,GLF,Le Golf National,1898581,PUIG David,Person,ESP,Spain,56.0,75,STROKES,,30
2024-08-04T17:51:04+02:00,GLFMSTROKE------------FNL-000400--,GLFMSTROKE,Men's Individual Stroke Play,Men's Individual Stroke Play Round 4,Round 4,FINISHED,M,Golf,GLF,Le Golf National,1976538,GIRRBACH Joel,Person,SUI,Switzerland,58.0,76,STROKES,,26
2024-08-04T17:51:04+02:00,GLFMSTROKE------------FNL-000400--,GLFMSTROKE,Men's Individual Stroke Play,Men's Individual Stroke Play Round 4,Round 4,FINISHED,M,Golf,GLF,Le Golf National,1945630,KHONGWATMAI Phachara,Person,THA,Thailand,,,IRM,WD,4
2024-08-07T18:21:38+02:00,GLFWSTROKE------------FNL-000100--,GLFWSTROKE,Women's Individual Stroke Play,Women's Individual Stroke Play Round 1,Round 1,FINISHED,W,Golf,GLF,Le Golf National,1912051,BOUTIER Celine,Person,FRA,France,1.0,65,STROKES,,46
2024-08-07T18:21:38+02:00,GLFWSTROKE------------FNL-000100--,GLFWSTROKE,Women's Individual Stroke Play,Women's Individual Stroke Play Round 1,Round 1,FINISHED,W,Golf,GLF,Le Golf National,1897782,BUHAI Ashleigh,Person,RSA,South Africa,2.0,68,STROKES,,54
2024-08-07T18:21:38+02:00,GLFWSTROKE------------FNL-000100--,GLFWSTROKE,Women's Individual Stroke Play,Women's Individual Stroke Play Round 1,Round 1,FINISHED,W,Golf,GLF,Le Golf National,1555792,LOPEZ Gaby,Person,MEX,Mexico,3.0,70,STROKES,,8
2024-08-07T18:21:38+02:00,GLFWSTROKE------------FNL-000100--,GLFWSTROKE,Women's Individual Stroke Play,Women's Individual Stroke Play Round 1,Round 1,FINISHED,W,Golf,GLF,Le Golf National,1977750,METRAUX Morgane,Person,SUI,Switzerland,3.0,70,STROKES,,36
2024-08-07T18:21:38+02:00,GLFWSTROKE------------FNL-000100--,GLFWSTROKE,Women's Individual Stroke Play,Women's Individual Stroke Play Round 1,Round 1,FINISHED,W,Golf,GLF,Le Golf National,1543437,URIBE Mariajo,Person,COL,Colombia,3.0,70,STROKES,,42
2024-08-07T18:21:38+02:00,GLFWSTROKE------------FNL-000100--,GLFWSTROKE,Women's Individual Stroke Play,Women's Individual Stroke Play Round 1,Round 1,FINISHED,W,Golf,GLF,Le Golf National,1951729,VU Lilia,Person,USA,United States,3.0,70,STROKES,,47
2024-08-07T18:21:38+02:00,GLFWSTROKE------------FNL-000100--,GLFWSTROKE,Women's Individual Stroke Play,Women's Individual Stroke Play Round 1,Round 1,FINISHED,W,Golf,GLF,Le Golf National,1878425,BORGE Celine,Person,NOR,Norway,7.0,71,STROKES,,12
2024-08-07T18:21:38+02:00,GLFWSTROKE------------FNL-000100--,GLFWSTROKE,Women's Individual Stroke Play,Women's Individual Stroke Play Round 1,Round 1,FINISHED,W,Golf,GLF,Le Golf National,1913218,LIN Xiyu Janet,Person,CHN,China,7.0,71,STROKES,,21
2024-08-07T18:21:38+02:00,GLFWSTROKE------------FNL-000100--,GLFWSTROKE,Women's Individual Stroke Play,Women's Individual Stroke Play Round 1,Round 1,FINISHED,W,Golf,GLF,Le Golf National,1536523,DAGAR Diksha,Person,IND,India,7.0,71,STROKES,,32
2024-08-07T18:21:38+02:00,GLFWSTROKE------------FNL-000100--,GLFWSTROKE,Women's Individual Stroke Play,Women's Individual Stroke Play Round 1,Round 1,FINISHED,W,Golf,GLF,Le Golf National,1941774,LEE Minjee,Person,AUS,Australia,7.0,71,STROKES,,44
2024-08-07T18:21:38+02:00,GLFWSTROKE------------FNL-000100--,GLFWSTROKE,Women's Individual Stroke Play,Women's Individual Stroke Play Round 1,Round 1,FINISHED,W,Golf,GLF,Le Golf National,1961403,YAMASHITA Miyu,Person,JPN,Japan,7.0,71,STROKES,,50
2024-08-07T18:21:38+02:00,GLFWSTROKE------------FNL-000100--,GLFWSTROKE,Women's Individual Stroke Play,Women's Individual Stroke Play Round 1,Round 1,FINISHED,W,Golf,GLF,Le Golf National,1966409,SHARP Alena,Person,CAN,Canada,7.0,71,STROKES,,57
2024-08-07T18:21:38+02:00,GLFWSTROKE------------FNL-000100--,GLFWSTROKE,Women's Individual Stroke Play,Women's Individual Stroke Play Round 1,Round 1,FINISHED,W,Golf,GLF,Le Golf National,1903184,de ROEY Manon,Person,BEL,Belgium,13.0,72,STROKES,,3
2024-08-07T18:21:38+02:00,GLFWSTROKE------------FNL-000100--,GLFWSTROKE,Women's Individual Stroke Play,Women's Individual Stroke Play Round 1,Round 1,FINISHED,W,Golf,GLF,Le Golf National,1536522,ASHOK Aditi,Person,IND,India,13.0,72,STROKES,,7
2024-08-07T18:21:38+02:00,GLFWSTROKE------------FNL-000100--,GLFWSTROKE,Women's Individual Stroke Play,Women's Individual Stroke Play Round 1,Round 1,FINISHED,W,Golf,GLF,Le Golf National,1892506,HENSELEIT Esther,Person,GER,Germany,13.0,72,STROKES,,9
2024-08-07T18:21:38+02:00,GLFWSTROKE------------FNL-000100--,GLFWSTROKE,Women's Individual Stroke Play,Women's Individual Stroke Play Round 1,Round 1,FINISHED,W,Golf,GLF,Le Golf National,1951733,ZHANG Rose,Person,USA,United States,13.0,72,STROKES,,15
2024-08-07T18:21:38+02:00,GLFWSTROKE------------FNL-000100--,GLFWSTROKE,Women's Individual Stroke Play,Women's Individual Stroke Play Round 1,Round 1,FINISHED,W,Golf,GLF,Le Golf National,1951716,KORDA Nelly,Person,USA,United States,13.0,72,STROKES,,16
2024-08-07T18:21:38+02:00,GLFWSTROKE------------FNL-000100--,GLFWSTROKE,Women's Individual Stroke Play,Women's Individual Stroke Play Round 1,Round 1,FINISHED,W,Golf,GLF,Le Golf National,1913224,YIN Ruoning,Person,CHN,China,13.0,72,STROKES,,18
2024-08-07T18:21:38+02:00,GLFWSTROKE------------FNL-000100--,GLFWSTROKE,Women's Individual Stroke Play,Women's Individual Stroke Play Round 1,Round 1,FINISHED,W,Golf,GLF,Le Golf National,1556793,LAU Ashley,Person,MAS,Malaysia,13.0,72,STROKES,,26
2024-08-07T18:21:38+02:00,GLFWSTROKE------------FNL-000100--,GLFWSTROKE,Women's Individual Stroke Play,Women's Individual Stroke Play Round 1,Round 1,FINISHED,W,Golf,GLF,Le Golf National,1978663,PAGDANGANAN Bianca,Person,PHI,Philippines,13.0,72,STROKES,,35
2024-08-07T18:21:38+02:00,GLFWSTROKE------------FNL-000100--,GLFWSTROKE,Women's Individual Stroke Play,Women's Individual Stroke Play Round 1,Round 1,FINISHED,W,Golf,GLF,Le Golf National,1977891,VALENZUELA Albane,Person,SUI,Switzerland,13.0,72,STROKES,,38
2024-08-07T18:21:38+02:00,GLFWSTROKE------------FNL-000100--,GLFWSTROKE,Women's Individual Stroke Play,Women's Individual Stroke Play Round 1,Round 1,FINISHED,W,Golf,GLF,Le Golf National,1945701,THITIKUL Atthaya,Person,THA,Thailand,13.0,72,STROKES,,45
2024-08-07T18:21:38+02:00,GLFWSTROKE------------FNL-000100--,GLFWSTROKE,Women's Individual Stroke Play,Women's Individual Stroke Play Round 1,Round 1,FINISHED,W,Golf,GLF,Le Golf National,1932027,YANG Amy,Person,KOR,Korea,13.0,72,STROKES,,48
2024-08-07T18:21:38+02:00,GLFWSTROKE------------FNL-000100--,GLFWSTROKE,Women's Individual Stroke Play,Women's Individual Stroke Play Round 1,Round 1,FINISHED,W,Golf,GLF,Le Golf National,1939553,KO Lydia,Person,NZL,New Zealand,13.0,72,STROKES,,49
2024-08-07T18:21:38+02:00,GLFWSTROKE------------FNL-000100--,GLFWSTROKE,Women's Individual Stroke Play,Women's Individual Stroke Play Round 1,Round 1,FINISHED,W,Golf,GLF,Le Golf National,1880266,STARK Maja,Person,SWE,Sweden,13.0,72,STROKES,,51
2024-08-07T18:21:38+02:00,GLFWSTROKE------------FNL-000100--,GLFWSTROKE,Women's Individual Stroke Play,Women's Individual Stroke Play Round 1,Round 1,FINISHED,W,Golf,GLF,Le Golf National,1572185,KO Jin Young,Person,KOR,Korea,26.0,73,STROKES,,17
2024-08-07T18:21:38+02:00,GLFWSTROKE------------FNL-000100--,GLFWSTROKE,Women's Individual Stroke Play,Women's Individual Stroke Play Round 1,Round 1,FINISHED,W,Golf,GLF,Le Golf National,1898562,CIGANDA Carlota,Person,ESP,Spain,26.0,73,STROKES,,24
2024-08-07T18:21:38+02:00,GLFWSTROKE------------FNL-000100--,GLFWSTROKE,Women's Individual Stroke Play,Women's Individual Stroke Play Round 1,Round 1,FINISHED,W,Golf,GLF,Le Golf National,1889033,PEDERSEN Emily K,Person,DEN,Denmark,26.0,73,STROKES,,39
2024-08-07T18:21:38+02:00,GLFWSTROKE------------FNL-000100--,GLFWSTROKE,Women's Individual Stroke Play,Women's Individual Stroke Play Round 1,Round 1,FINISHED,W,Golf,GLF,Le Golf National,1956891,KOUSKOVA Sara,Person,CZE,Czechia,26.0,73,STROKES,,56
2024-08-07T18:21:38+02:00,GLFWSTROKE------------FNL-000100--,GLFWSTROKE,Women's Individual Stroke Play,Women's Individual Stroke Play Round 1,Round 1,FINISHED,W,Golf,GLF,Le Golf National,1889035,KOERSTZ MADSEN Nanna,Person,DEN,Denmark,30.0,74,STROKES,,5
2024-08-07T18:21:38+02:00,GLFWSTROKE------------FNL-000100--,GLFWSTROKE,Women's Individual Stroke Play,Women's Individual Stroke Play Round 1,Round 1,FINISHED,W,Golf,GLF,Le Golf National,1966405,HENDERSON Brooke M.,Person,CAN,Canada,30.0,74,STROKES,,20
2024-08-07T18:21:38+02:00,GLFWSTROKE------------FNL-000100--,GLFWSTROKE,Women's Individual Stroke Play,Women's Individual Stroke Play Round 1,Round 1,FINISHED,W,Golf,GLF,Le Golf National,1880184,GRANT Linn,Person,SWE,Sweden,30.0,74,STROKES,,23
2024-08-07T18:21:38+02:00,GLFWSTROKE------------FNL-000100--,GLFWSTROKE,Women's Individual Stroke Play,Women's Individual Stroke Play Round 1,Round 1,FINISHED,W,Golf,GLF,Le Golf National,1909175,HSU Wei-Ling,Person,TPE,Chinese Taipei,30.0,74,STROKES,,31
2024-08-07T18:21:38+02:00,GLFWSTROKE------------FNL-000100--,GLFWSTROKE,Women's Individual Stroke Play,Women's Individual Stroke Play Round 1,Round 1,FINISHED,W,Golf,GLF,Le Golf National,1898170,HALL Georgia,Person,GBR,Great Britain,30.0,74,STROKES,,53
2024-08-07T18:21:38+02:00,GLFWSTROKE------------FNL-000100--,GLFWSTROKE,Women's Individual Stroke Play,Women's Individual Stroke Play Round 1,Round 1,FINISHED,W,Golf,GLF,Le Golf National,1981485,BABNIK Pia,Person,SLO,Slovenia,30.0,74,STROKES,,60
2024-08-07T18:21:38+02:00,GLFWSTROKE------------FNL-000100--,GLFWSTROKE,Women's Individual Stroke Play,Women's Individual Stroke Play Round 1,Round 1,FINISHED,W,Golf,GLF,Le Golf National,1973385,van DAM Anne,Person,NED,Netherlands,36.0,75,STROKES,,6
2024-08-07T18:21:38+02:00,GLFWSTROKE------------FNL-000100--,GLFWSTROKE,Women's Individual Stroke Play,Women's Individual Stroke Play Round 1,Round 1,FINISHED,W,Golf,GLF,Le Golf National,1903730,FANALI Alessandra,Person,ITA,Italy,36.0,75,STROKES,,25
2024-08-07T18:21:38+02:00,GLFWSTROKE------------FNL-000100--,GLFWSTROKE,Women's Individual Stroke Play,Women's Individual Stroke Play Round 1,Round 1,FINISHED,W,Golf,GLF,Le Golf National,1572437,SPITZ Emma,Person,AUT,Austria,36.0,75,STROKES,,33
2024-08-07T18:21:38+02:00,GLFWSTROKE------------FNL-000100--,GLFWSTROKE,Women's Individual Stroke Play,Women's Individual Stroke Play Round 1,Round 1,FINISHED,W,Golf,GLF,Le Golf National,1572435,SCHOBER Sarah,Person,AUT,Austria,36.0,75,STROKES,,59
2024-08-07T18:21:38+02:00,GLFWSTROKE------------FNL-000100--,GLFWSTROKE,Women's Individual Stroke Play,Women's Individual Stroke Play Round 1,Round 1,FINISHED,W,Golf,GLF,Le Golf National,1909186,CHIEN Pei-Yun,Person,TPE,Chinese Taipei,40.0,76,STROKES,,4
2024-08-07T18:21:38+02:00,GLFWSTROKE------------FNL-000100--,GLFWSTROKE,Women's Individual Stroke Play,Women's Individual Stroke Play Round 1,Round 1,FINISHED,W,Golf,GLF,Le Golf National,1572180,KIM Hyo Joo,Person,KOR,Korea,40.0,76,STROKES,,19
2024-08-07T18:21:38+02:00,GLFWSTROKE------------FNL-000100--,GLFWSTROKE,Women's Individual Stroke Play,Women's Individual Stroke Play Round 1,Round 1,FINISHED,W,Golf,GLF,Le Golf National,1945777,TAVATANAKIT Patty,Person,THA,Thailand,40.0,76,STROKES,,22
2024-08-07T18:21:38+02:00,GLFWSTROKE------------FNL-000100--,GLFWSTROKE,Women's Individual Stroke Play,Women's Individual Stroke Play Round 1,Round 1,FINISHED,W,Golf,GLF,Le Golf National,3054982,ARDINA Dottie,Person,PHI,Philippines,40.0,76,STROKES,,28
2024-08-07T18:21:38+02:00,GLFWSTROKE------------FNL-000100--,GLFWSTROKE,Women's Individual Stroke Play,Women's Individual Stroke Play Round 1,Round 1,FINISHED,W,Golf,GLF,Le Golf National,1878424,STAVNAR Madelene,Person,NOR,Norway,40.0,76,STROKES,,30
2024-08-07T18:21:38+02:00,GLFWSTROKE------------FNL-000100--,GLFWSTROKE,Women's Individual Stroke Play,Women's Individual Stroke Play Round 1,Round 1,FINISHED,W,Golf,GLF,Le Golf National,1892505,FORSTERLING Alexandra,Person,GER,Germany,40.0,76,STROKES,,37
2024-08-07T18:21:38+02:00,GLFWSTROKE------------FNL-000100--,GLFWSTROKE,Women's Individual Stroke Play,Women's Individual Stroke Play Round 1,Round 1,FINISHED,W,Golf,GLF,Le Golf National,1941772,GREEN Hannah,Person,AUS,Australia,46.0,77,STROKES,,13
2024-08-07T18:21:38+02:00,GLFWSTROKE------------FNL-000100--,GLFWSTROKE,Women's Individual Stroke Play,Women's Individual Stroke Play Round 1,Round 1,FINISHED,W,Golf,GLF,Le Golf National,1956890,DAVIDSON SPILKOVA Klara,Person,CZE,Czechia,46.0,77,STROKES,,40
2024-08-07T18:21:38+02:00,GLFWSTROKE------------FNL-000100--,GLFWSTROKE,Women's Individual Stroke Play,Women's Individual Stroke Play Round 1,Round 1,FINISHED,W,Golf,GLF,Le Golf National,1961414,SASO Yuka,Person,JPN,Japan,46.0,77,STROKES,,43
2024-08-07T18:21:38+02:00,GLFWSTROKE------------FNL-000100--,GLFWSTROKE,Women's Individual Stroke Play,Women's Individual Stroke Play Round 1,Round 1,FINISHED,W,Golf,GLF,Le Golf National,1980827,BELAC Ana,Person,SLO,Slovenia,46.0,77,STROKES,,55
2024-08-07T18:21:38+02:00,GLFWSTROKE------------FNL-000100--,GLFWSTROKE,Women's Individual Stroke Play,Women's Individual Stroke Play Round 1,Round 1,FINISHED,W,Golf,GLF,Le Golf National,1543316,MEADOW Stephanie,Person,IRL,Ireland,50.0,78,STROKES,,2
2024-08-07T18:21:38+02:00,GLFWSTROKE------------FNL-000100--,GLFWSTROKE,Women's Individual Stroke Play,Women's Individual Stroke Play Round 1,Round 1,FINISHED,W,Golf,GLF,Le Golf National,1926304,TAN Shannon,Person,SGP,Singapore,50.0,78,STROKES,,10
2024-08-07T18:21:38+02:00,GLFWSTROKE------------FNL-000100--,GLFWSTROKE,Women's Individual Stroke Play,Women's Individual Stroke Play Round 1,Round 1,FINISHED,W,Golf,GLF,Le Golf National,1557503,FASSI Maria,Person,MEX,Mexico,50.0,78,STROKES,,11
2024-08-07T18:21:38+02:00,GLFWSTROKE------------FNL-000100--,GLFWSTROKE,Women's Individual Stroke Play,Women's Individual Stroke Play Round 1,Round 1,FINISHED,W,Golf,GLF,Le Golf National,1898577,MUNOZ Azahara,Person,ESP,Spain,50.0,78,STROKES,,34
2024-08-07T18:21:38+02:00,GLFWSTROKE------------FNL-000100--,GLFWSTROKE,Women's Individual Stroke Play,Women's Individual Stroke Play Round 1,Round 1,FINISHED,W,Golf,GLF,Le Golf National,1897783,RETO Paula,Person,RSA,South Africa,50.0,78,STROKES,,41
2024-08-07T18:21:38+02:00,GLFWSTROKE------------FNL-000100--,GLFWSTROKE,Women's Individual Stroke Play,Women's Individual Stroke Play Round 1,Round 1,FINISHED,W,Golf,GLF,Le Golf National,1539985,MAGUIRE Leona,Person,IRL,Ireland,50.0,78,STROKES,,52
2024-08-07T18:21:38+02:00,GLFWSTROKE------------FNL-000100--,GLFWSTROKE,Women's Individual Stroke Play,Women's Individual Stroke Play Round 1,Round 1,FINISHED,W,Golf,GLF,Le Golf National,1552403,LAKLALECH Ines,Person,MAR,Morocco,50.0,78,STROKES,,58
2024-08-07T18:21:38+02:00,GLFWSTROKE------------FNL-000100--,GLFWSTROKE,Women's Individual Stroke Play,Women's Individual Stroke Play Round 1,Round 1,FINISHED,W,Golf,GLF,Le Golf National,1912052,DELACOUR Perrine,Person,FRA,France,57.0,79,STROKES,,1
2024-08-07T18:21:38+02:00,GLFWSTROKE------------FNL-000100--,GLFWSTROKE,Women's Individual Stroke Play,Women's Individual Stroke Play Round 1,Round 1,FINISHED,W,Golf,GLF,Le Golf National,1898173,HULL Charley,Person,GBR,Great Britain,58.0,81,STROKES,,14
2024-08-07T18:21:38+02:00,GLFWSTROKE------------FNL-000100--,GLFWSTROKE,Women's Individual Stroke Play,Women's Individual Stroke Play Round 1,Round 1,FINISHED,W,Golf,GLF,Le Golf National,1905110,WIKSTROM Ursula,Person,FIN,Finland,59.0,82,STROKES,,27
2024-08-07T18:21:38+02:00,GLFWSTROKE------------FNL-000100--,GLFWSTROKE,Women's Individual Stroke Play,Women's Individual Stroke Play Round 1,Round 1,FINISHED,W,Golf,GLF,Le Golf National,1905103,KOMULAINEN Noora,Person,FIN,Finland,60.0,84,STROKES,,29
